,index,Gene Name,Product Name,GO terms (molecular function),Left-End-Position,Right-End-Position,Direction,length,left_codon,right_codon,left_avd_ovlp,right_avd_ovlp,gene,oligo
0,0,aaeR,LysR-type transcriptional regulator AaeR,transcription regulatory region sequence-specific DNA binding // DNA-binding transcription factor activity // DNA binding,3389520,3390449,+,929,3389522,3390447,3389525.0,3390429.0,aaeR,TATTATGTGATCTAAATCACTTTTAAGTCAGAGTGAATAATGGAAggcttgtcgacgacggcggtctccgtcgtcaggatcatGGGCGCGGGAAAGAGAAGTAATTCATATTGTACTGTTACGTTGTA
1,1,abgR,putative LysR-type DNA-binding transcriptional regulator AbgR,transcription regulatory region sequence-specific DNA binding // DNA binding // DNA-binding transcription factor activity,1404741,1405649,+,908,1404743,1405647,1404746.0,1405629.0,abgR,CAGACTCTATTTTTTTATGCAGTTTTAACTTTGCAGATAGCCGCAggcttgtcgacgacggcggtctccgtcgtcaggatcatAGCCATGACGCCACCGATAACCGTTATTTATCAGACCAAAGAAAC
2,2,acrR,DNA-binding transcriptional repressor AcrR,transcription regulatory region sequence-specific DNA binding // protein binding // DNA binding // bacterial-type RNA polymerase transcription regulatory region sequence-specific DNA binding // toxic substance binding // sequence-specific DNA binding // DNA-binding transcription factor activity,485761,486408,+,647,485763,486406,485766.0,486388.0,acrR,AAAATCCTGGAGTCAGATTCAGGGTTATTCGTTAGTGGCAGGATTggcttgtcgacgacggcggtctccgtcgtcaggatcatTGCCATATGTTCGTGAATTTACAGGCGTTAGATTTACATACATTT
3,3,ada,DNA-binding transcriptional dual regulator / DNA repair protein Ada,protein binding // transferase activity // methyltransferase activity // metal ion binding // sequence-specific DNA binding // zinc ion binding // catalytic activity // DNA binding // DNA-binding transcription factor activity // methylated-DNA-[protein]-cysteine S-methyltransferase activity,2309341,2310405,+,1064,2309343,2310403,2309361.0,2310400.0,ada,CAGCATCGGCAAACAGATCCAACATTACCTCTCCTCATTTTCAGCggcttgtcgacgacggcggtctccgtcgtcaggatcatTTTCATAATCAGCTCCCTGGTTAAGGATAGCCTTTAGGCTGCCCG
4,4,adiY,DNA-binding transcriptional activator AdiY,sequence-specific DNA binding // DNA binding // DNA-binding transcription factor activity,4337168,4337929,+,761,4337170,4337927,4337188.0,4337924.0,adiY,GCGAGAACTGGTCTTTTATTCGCACTCAGGAGTACATGTATGAGGggcttgtcgacgacggcggtctccgtcgtcaggatcatAGAGAACGCACTGTCGCCTGATTTTTAACCTTAACGAAGAGCTAT
5,5,agaR,DNA-binding transcriptional repressor AgaR,DNA-binding transcription factor activity // DNA binding,3277856,3278665,+,809,3277858,3278663,3277876.0,3278660.0,agaR,GTGTTGACCAGCGGGCATCCTTTCTCACTCCCCGACCAGAATCACggcttgtcgacgacggcggtctccgtcgtcaggatcatACTCATAGTAAGTCCTTTCGTAAAACTTTCGTTTCATTTCGTTTT
6,6,aidB,putative acyl-CoA dehydrogenase AidB,"identical protein binding // oxidoreductase activity, acting on the CH-CH group of donors // oxidoreductase activity // acyl-CoA dehydrogenase activity // protein binding // sequence-specific DNA binding // DNA binding // isovaleryl-CoA dehydrogenase activity",4414275,4415900,+,1625,4414277,4415898,4414280.0,4415880.0,aidB,CAGCGTCGCATCAGTCGTATACGCTTACACACACACTCCCCCCGTggcttgtcgacgacggcggtctccgtcgtcaggatcatGTGCACTGTGTCTCCCTCCATCAATGGCAGTCACCATTAGTATGG
7,7,alaS,alanine&mdash;tRNA ligase/DNA-binding transcriptional repressor,amino acid binding // ligase activity // aminoacyl-tRNA ligase activity // metal ion binding // identical protein binding // nucleic acid binding // aminoacyl-tRNA editing activity // RNA binding // tRNA binding // ATP binding // nucleotide binding // protein homodimerization activity // Ser-tRNA(Ala) hydrolase activity // DNA-binding transcription repressor activity // zinc ion binding // alanine-tRNA ligase activity,2819381,2822011,+,2630,2819383,2822009,2819401.0,2822006.0,alaS,CCACGGCATTGCCTGACGCTTATATTATTGCAATTTCGCGCTGACggcttgtcgacgacggcggtctccgtcgtcaggatcatGCTCATAATTATCCTGAAATCAAGCTAACGAAATATCGCCACCAG
8,8,allR,DNA-binding transcriptional repressor AllR,identical protein binding // protein binding // DNA binding // DNA-binding transcription factor activity,533011,533826,+,815,533013,533824,533016.0,533806.0,allR,CCGCAGAGCGGGATGCGACAGACATTATGGATGTGCTTTCAGTCCggcttgtcgacgacggcggtctccgtcgtcaggatcatCGTCATACCTACGTTAACTCCGACCTACAAGTGAGCATAAACAAT
9,9,allS,DNA-binding transcriptional activator AllS,DNA binding // sequence-specific DNA binding // DNA-binding transcription factor activity,531295,532221,+,926,531297,532219,531315.0,532216.0,allS,AATCACGCAACTTGCGGATTTAAAAGGGGATACCTGAAGATGTTCggcttgtcgacgacggcggtctccgtcgtcaggatcatTTCGGCAACCCACGCAGTTAAAAATCAAGTTTCCTTGCGCGTTGG
10,11,alsR,DNA-binding transcriptional repressor AlsR,carbohydrate derivative binding // DNA-binding transcription factor activity // DNA binding,4312101,4312991,+,890,4312103,4312989,4312121.0,4312986.0,alsR,GATATAGTGGCGTCTTCAATTCAAGGACAAGAGAACGTGATGAGCggcttgtcgacgacggcggtctccgtcgtcaggatcatTCACCAGGCGCGCTGAAATAAGAAAAAGGTAATTCCGCCATCGCG
11,12,appY,DLP12 prophage; DNA-binding transcriptional activator AppY,sequence-specific DNA binding // DNA binding // DNA-binding transcription factor activity,583681,584430,+,749,583683,584428,583686.0,584410.0,appY,GTAGACAACTTGTAATAAACATTATCAGTCAATTGTTTTGTTTATggcttgtcgacgacggcggtctccgtcgtcaggatcatATCCATCTTGCACCTATCATAAAATTAAAACAAGTTGATAGTAGT
12,13,araC,DNA-binding transcriptional dual regulator AraC,DNA-binding transcription repressor activity // transcription regulatory region sequence-specific DNA binding // identical protein binding // protein binding // sequence-specific DNA binding // DNA-binding transcription factor activity // DNA binding,70387,71265,+,878,70389,71263,70392.0,71245.0,araC,GTCAATTGTCTGATTCGTTACCAATTATGACAACTTGACGGCTACggcttgtcgacgacggcggtctccgtcgtcaggatcatAGCCATACTTTTCATACTCCCACCATTCAGAGAAGAAACCAATTG
13,14,arcA,ArcA-P<sup>asp54</sup>-phosphate // Phosphorylated DNA-binding transcriptional dual regulator ArcA // DNA-binding transcriptional dual regulator ArcA,DNA-binding transcription repressor activity // DNA-binding transcription activator activity // transcription regulatory region sequence-specific DNA binding // identical protein binding // protein binding // DNA binding // DNA-binding transcription factor activity // phosphorelay response regulator activity,4639590,4640306,+,716,4639592,4640304,4639610.0,4640301.0,arcA,CTTCCTGTTTCGATTTAGTTGGCAATTTAGGTAGCAAACATGCAGggcttgtcgacgacggcggtctccgtcgtcaggatcatTGCGGTGATCTGGAAGATTAATCGGCTTTACCACCGTCAAAAAAA
14,15,argP,DNA-binding transcriptional dual regulator ArgP,DNA binding // bent DNA binding // sequence-specific DNA binding // DNA-binding transcription factor activity,3059753,3060646,+,893,3059755,3060644,3059758.0,3060626.0,argP,AGTGCAGGAAAAAGCATTTACCAGGAGCAGACAACAGCAATGAAAggcttgtcgacgacggcggtctccgtcgtcaggatcatAAAGTCCTTCGTCAGGATTAATCCATCAAATAATGCCTGATAGCA
15,19,ascG,DNA-binding transcriptional repressor AscG,transcription regulatory region sequence-specific DNA binding // DNA binding // sequence-specific DNA binding // DNA-binding transcription factor activity,2838254,2839264,+,1010,2838256,2839262,2838274.0,2839259.0,ascG,GACGATGACATGTGATGACAATGTTTATCGCGAAGGAGCAATGAGggcttgtcgacgacggcggtctccgtcgtcaggatcatCGTCATCATTTTCATCCCTTTACACGCAATCAACGCAGTGTACTG
16,21,atoC,phosphorylated DNA-binding transcriptional activator AtoC // DNA-binding transcriptional activator/ornithine decarboxylase inhibitor AtoC,ornithine decarboxylase inhibitor activity // sequence-specific DNA binding // transcription factor binding // DNA binding // ATP binding // nucleotide binding // DNA-binding transcription factor activity,2321866,2323251,+,1385,2321868,2323249,2321871.0,2323231.0,atoC,GCTTATTTTACCGATCAACCCGCAGGGAAATCAGACTGTATGACTggcttgtcgacgacggcggtctccgtcgtcaggatcatATCGATCCGGCGGATGTATAACACCAAAACTTGCTATGCAGAAAT
17,22,baeR,Phosphorylated DNA-binding transcriptional activator BaeR // DNA-binding transcriptional activator BaeR,DNA-binding transcription factor activity // DNA-binding transcription activator activity // transcription regulatory region sequence-specific DNA binding // phosphorelay response regulator activity // identical protein binding // DNA binding // bacterial-type cis-regulatory region sequence-specific DNA binding,2164276,2164998,+,722,2164278,2164996,2164281.0,2164978.0,baeR,AGTAGAGTTACCGCTGGAACGGGATTTACAGAGAGAAGTATGACCggcttgtcgacgacggcggtctccgtcgtcaggatcatGACGCCTGCCGCATCGTTTAGTTTTAGCGACATTATTTTGTTAGC
18,23,basR,Phosphorylated DNA-binding transcriptional dual regulator BasR // DNA-binding transcriptional dual regulator BasR,DNA-binding transcription factor activity // DNA-binding transcription activator activity // transcription regulatory region sequence-specific DNA binding // DNA binding // phosphorelay response regulator activity,4333282,4333950,+,668,4333284,4333948,4333302.0,4333945.0,basR,TGCGGATGATATTCTGCAAACTTGCAGGAGAGTGAGTGAATGAAAggcttgtcgacgacggcggtctccgtcgtcaggatcatGTCGCGAATGAGGAAAACTAATTGAATCTGATGCATTTTCTGCGC
19,24,bdcR,putative transcriptional regulator BdcR,DNA-binding transcription factor activity // transcription regulatory region sequence-specific DNA binding // DNA binding,4474124,4474717,+,593,4474126,4474715,4474129.0,4474697.0,bdcR,CCGCCTTTCGGGTCAAGGCCCGCATCACTCCTCAAGAATAGTTTTggcttgtcgacgacggcggtctccgtcgtcaggatcatGACCATTACAAAACCTGTTGACAGAAAGTTAAAACAGTTTTGTAA
20,25,betI,DNA-binding transcriptional repressor BetI,transcription regulatory region sequence-specific DNA binding // DNA-binding transcription factor activity // DNA binding,328747,329334,+,587,328749,329332,328767.0,329329.0,betI,TTTAATAGATAAACACCGCTGATGAATGGAGTGGCGAAAATGCCCggcttgtcgacgacggcggtctccgtcgtcaggatcatCAGCATCTACCCACCGATTAACCGAGGAGACGTGATGTCCCGAAT
21,26,bglJ,DNA-binding transcriptional regulator BglJ,protein binding // DNA binding // DNA-binding transcription factor activity,4604160,4604837,+,677,4604162,4604835,4604165.0,4604817.0,bglJ,GAAGTAAACCCGGCATCATGCGGATTAATAGGGATGCAACACATTggcttgtcgacgacggcggtctccgtcgtcaggatcatTTCCATTCTGCGGCATCTCCATAAACAGAAGGCAAGTTAAGTTCT
22,27,birA,DNA-binding transcriptional repressor/biotin-[acetyl-CoA-carboxylase] ligase BirA,protein binding // protein homodimerization activity // biotin binding // bacterial-type RNA polymerase transcription regulatory region sequence-specific DNA binding // ligase activity // ATP binding // nucleotide binding // DNA binding // biotin-[acetyl-CoA-carboxylase] ligase activity,4173082,4174047,+,965,4173084,4174045,4173087.0,4174027.0,birA,CAGGGGAGCGAATACTCCCCTTTCTTATTTTTCTGCACTACGCAGggcttgtcgacgacggcggtctccgtcgtcaggatcatCTTCATGAAATTGTCTCCACTGCGCTCACTTCACCTGATGCACCA
23,29,btsR,Phosphorylated DNA-binding transcriptional dual regulator BtsR // DNA-binding transcriptional dual regulator BtsR,DNA-binding transcription factor activity // DNA-binding transcription activator activity // transcription regulatory region sequence-specific DNA binding // phosphorelay response regulator activity // protein binding // DNA binding,2212243,2212962,+,719,2212245,2212960,2212263.0,2212957.0,btsR,GCAAAAAGCCATTTTAGCAGTCTTTTACAGGCCAATCGCCTCTTTggcttgtcgacgacggcggtctccgtcgtcaggatcatAATCATGCCTCGTCCCTCCATGGTAGTCGTAACGTTATTCGGGTG
24,30,cadC,DNA-binding transcriptional activator CadC,DNA-binding transcription factor activity // DNA-binding transcription activator activity // transcription regulatory region sequence-specific DNA binding // phosphorelay response regulator activity // DNA binding // protein binding // protein homodimerization activity,4360396,4361934,+,1538,4360398,4361932,4360416.0,4361929.0,cadC,TTATCATTGCATCATTCCCTTTTCGAATGAGTTTCTATTATGCAAggcttgtcgacgacggcggtctccgtcgtcaggatcatAAATTTCTTGCTTCAGAATAAGTAACTCCGGGTTGATTTATGCTC
25,32,cbl,DNA-binding transcriptional activator Cbl,transcription regulatory region sequence-specific DNA binding // DNA-binding transcription factor activity // DNA binding,2059964,2060914,+,950,2059966,2060912,2059984.0,2060909.0,cbl,CCCGCTTTTATAGCGGGATTTTTGCTATATCTGATAATCAATTTCggcttgtcgacgacggcggtctccgtcgtcaggatcatATTCACGGTAAACTCCGGGCAGTTCAGATTTCCCGTTATTGTTAA
26,33,cdaR,DNA-binding transcriptional activator CdaR,DNA-binding transcription factor activity,182463,183620,+,1157,182465,183618,182468.0,183600.0,cdaR,GCCGCCTCAACCTTAACGCATAACCTACCGCTCTTCATCCAGTTGggcttgtcgacgacggcggtctccgtcgtcaggatcatAGCCATAAGTCCTCCGTTATGCACGGCTTAGCATAAGGAAGTACG
27,34,cecR,DNA-binding transcriptional dual regulator CecR,DNA-binding transcription factor activity // transcription regulatory region sequence-specific DNA binding // identical protein binding // DNA binding,829972,830643,+,671,829974,830641,829992.0,830638.0,cecR,TAATCTTAATCAATCATTTGATTAAGAATGGACTGTGCGATGAATggcttgtcgacgacggcggtctccgtcgtcaggatcatTTATCGCAAAGGAGTTTGTAGTGATGAAAAAACCTGTCGTGATCG
28,36,chbR,DNA-binding transcriptional dual regulator ChbR,sequence-specific DNA binding // DNA binding // DNA-binding transcription factor activity // core promoter sequence-specific DNA binding,1818605,1819447,+,842,1818607,1819445,1818625.0,1819442.0,chbR,ATGTGAATTGTCAGGTATAACGACTTACTGATTAAATTCAGTCAAggcttgtcgacgacggcggtctccgtcgtcaggatcatCATCATCGACTCCTTATGCCTTCAGTTTTTCATGAAGCTCAATTA
29,37,comR,DNA-binding transcriptional repressor ComR,DNA-binding transcription factor activity // transcription regulatory region sequence-specific DNA binding // DNA binding,1168200,1168832,+,632,1168202,1168830,1168220.0,1168827.0,comR,AATAACCTTTCATTCACAGTCACCAGGTACAACGGCATCATGGCAggcttgtcgacgacggcggtctccgtcgtcaggatcatTGGCCCGAACTGGTGAAATAAGTCGCAAAAAAAGCCCCTCAGCCT
30,38,cpxR,Phosphorylated DNA-binding transcriptional dual regulator CpxR // DNA-binding transcriptional dual regulator CpxR,DNA-binding transcription activator activity // transcription regulatory region sequence-specific DNA binding // phosphorelay response regulator activity // protein binding // DNA binding // DNA-binding transcription factor activity,4104972,4105670,+,698,4104974,4105668,4104992.0,4105665.0,cpxR,GTCTGATGACGTAATTTCTGCCTCGGAGGTATTTAAACAATGAATggcttgtcgacgacggcggtctccgtcgtcaggatcatCTGATGGTTTCTGCTTCATGATAGGCAGCTTAACCGCGCGCATCT
31,39,cra,DNA-binding transcriptional dual regulator Cra,DNA-binding transcription factor activity // transcription regulatory region sequence-specific DNA binding // DNA binding // bacterial-type cis-regulatory region sequence-specific DNA binding // identical protein binding,88028,89032,+,1004,88030,89030,88033.0,89012.0,cra,CTGGCGCGTATTTTTGTTCGCGGCTTAGCTACGGCTGAGCACGCCggcttgtcgacgacggcggtctccgtcgtcaggatcatTTTCACAATTGCCCCTTGCGTAAAATGTAAAAACCATAGCCATTG
32,40,creB,Phosphorylated DNA-binding transcriptional regulator CreB // DNA-binding transcriptional regulator CreB,DNA-binding transcription factor activity // DNA-binding transcription activator activity // transcription regulatory region sequence-specific DNA binding // phosphorelay response regulator activity // identical protein binding // DNA binding // bacterial-type cis-regulatory region sequence-specific DNA binding,4636007,4636696,+,689,4636009,4636694,4636012.0,4636676.0,creB,GCAACAACCGCATGCCGATACGCATTACAGGCCCCTCAGGCTATAggcttgtcgacgacggcggtctccgtcgtcaggatcatTTGCATAAATCGCCTCTGTTATTGCCGCCACGGCATGACAGGAAC
33,41,crp,DNA-binding transcriptional dual regulator CRP,"DNA binding, bending // minor groove of adenine-thymine-rich DNA binding // identical protein binding // sequence-specific DNA binding // protein binding // DNA-binding transcription factor activity // cAMP binding // DNA binding // nucleotide binding",3486120,3486752,+,632,3486122,3486750,3486125.0,3486732.0,crp,CTGGCTCTGGAGAAAGCTTATAACAGAGGATAACCGCGCATGGTGggcttgtcgacgacggcggtctccgtcgtcaggatcatGTCGTTTACGGCACTCGTTAATCCCGTCGGAGTGGCGCGTTACCT
34,42,csgD,DNA-binding transcriptional dual regulator CsgD,DNA-binding transcription activator activity // transcription regulatory region sequence-specific DNA binding // DNA-binding transcription repressor activity // DNA binding // bacterial-type cis-regulatory region sequence-specific DNA binding,1102546,1103196,+,650,1102548,1103194,1102566.0,1103191.0,csgD,TGTCAGGTGTGCGATCAATAAAAAAAGCGGGGTTTCATCATGTTTggcttgtcgacgacggcggtctccgtcgtcaggatcatAACGATAACCTCAGGCGATAAAGCCATGAAACGTTATTTACGCTG
35,46,csqR,DNA-binding transcriptional dual regulator CsqR,DNA-binding transcription factor activity // DNA binding,4074669,4075454,+,785,4074671,4075452,4074674.0,4075434.0,csqR,AGCCAGGTTAACGGTCACAAAAATCTACGCGTCTTCCTGGGGAAGggcttgtcgacgacggcggtctccgtcgtcaggatcatGCTCATGAAAATTCCTCGAAAAACCATCACCCTGGCATTTTATAC
36,48,cusR,P<SUP>asp</SUP> DNA-binding transcriptional activator CusR // DNA-binding transcriptional activator CusR,DNA-binding transcription factor activity // DNA-binding transcription activator activity // transcription regulatory region sequence-specific DNA binding // phosphorelay response regulator activity // identical protein binding // DNA binding,594760,595443,+,683,594762,595441,594780.0,595438.0,cusR,CGCTACTCTAGAATTGCCCGGGCAACATGCGGAGGAAATATGAAAggcttgtcgacgacggcggtctccgtcgtcaggatcatGAGGTGCCGGATGGTCAGTAAGCCATTTCAGCGCCCGTTTTCGCT
37,49,cynR,DNA-binding transcriptional dual regulator CynR,bacterial-type cis-regulatory region sequence-specific DNA binding // DNA-binding transcription factor activity // DNA binding,357791,358690,+,899,357793,358688,357811.0,358685.0,cynR,TTTATGATGAGTTCCATTGGATTTACTTATAGGTTGCGAATGCTCggcttgtcgacgacggcggtctccgtcgtcaggatcatGGCGGAAATGAATCACGGTAGCCGCTGACACAGGTCTGCGGCTGG
38,50,cysB,DNA-binding transcriptional dual regulator CysB,transcription regulatory region sequence-specific DNA binding // DNA-binding transcription factor activity // identical protein binding // DNA binding,1333855,1334829,+,974,1333857,1334827,1333860.0,1334809.0,cysB,AGGTGCCGAAAATAACGCAAGAAATTATTTTTCCGGCAGTTTTATggcttgtcgacgacggcggtctccgtcgtcaggatcatTTTCATGTTAAACCATCCACTTAGACGCCATCAGAACATCGTTTT
39,51,cytR,DNA-binding transcriptional repressor CytR,DNA-binding transcription factor activity // DNA binding // protein binding // transcription regulatory region sequence-specific DNA binding,4123431,4124456,+,1025,4123433,4124454,4123451.0,4124451.0,cytR,TGGATGTAGTACGCCTGACGTGCCAGGCGAGGAGTGAGTGTGAAAggcttgtcgacgacggcggtctccgtcgtcaggatcatTCAACACGCGCGTTACCTTAAAGTAAACCTTTAAGACTGCCGTGA
40,53,dcuR,DcuR // DNA-binding transcriptional activator DcuR,phosphorelay response regulator activity // DNA-binding transcription factor activity // DNA binding // DNA-binding transcription activator activity // protein homodimerization activity,4349315,4350034,+,719,4349317,4350032,4349335.0,4350029.0,dcuR,TTTTGTCCAGATACCCTGGGACGGGGAGAGGTCGAACAGATGATCggcttgtcgacgacggcggtctccgtcgtcaggatcatCTGAAACAATATTGCCAATAACGGATCGCTGGTTATCTGTAAGTA
41,55,deoR,DNA-binding transcriptional repressor DeoR,DNA binding // DNA-binding transcription factor activity // bacterial-type cis-regulatory region sequence-specific DNA binding,881976,882734,+,758,881978,882732,881996.0,882729.0,deoR,GTATTGAGCGGCTCGCTTCAATAACTATTCAGAGGGATTATGGAAggcttgtcgacgacggcggtctccgtcgtcaggatcatCGCATTAAGTTGATGTATTAATGACGTATAACCGGATGACGTTTC
42,56,dgoR,DNA-binding transcriptional regulator DgoR,DNA-binding transcription factor activity // bacterial-type cis-regulatory region sequence-specific DNA binding // ligand-activated transcription factor activity // DNA-binding transcription repressor activity // bacterial-type RNA polymerase transcription regulatory region sequence-specific DNA binding // identical protein binding // DNA binding,3874471,3875160,+,689,3874473,3875158,3874491.0,3875155.0,dgoR,AGTCAATTGCGATGTAGCGAGCTGTCATGTGATTTCCTTTAACCTggcttgtcgacgacggcggtctccgtcgtcaggatcatAGTCATGGAGAGTCCTTGTGCTCTGTATGTTCTTCTCTACTTTAC
43,57,dhaR,DNA-binding transcriptional dual regulator DhaR,protein binding // sequence-specific DNA binding // transcription factor binding // ATP binding // DNA binding // nucleotide binding,1251066,1252985,+,1919,1251068,1252983,1251071.0,1252965.0,dhaR,TGTATCAGAAATCGTTTCTGTCTTTCATACCCGGCGCTTAAACTGggcttgtcgacgacggcggtctccgtcgtcaggatcatACTCATATCCCGCATCCCTTATGACAAAAGGTGTTCCGGCTCGCA
44,59,dmlR,DNA-binding transcriptional regulator DmlR,sequence-specific DNA binding // DNA-binding transcription factor activity // DNA binding,1880886,1881809,+,923,1880888,1881807,1880906.0,1881804.0,dmlR,TCAACCCGATAATTGAATCATTAATCAGGCATGCTCCAGTGAAAAggcttgtcgacgacggcggtctccgtcgtcaggatcatATTCATGATTCGTGTTTTATGTTTCACCAGTTACGGGGATTAATT
45,60,dnaA,chromosomal replication initiator protein DnaA,identical protein binding // sequence-specific DNA binding // ATP binding // nucleotide binding // protein binding // DNA replication origin binding // DNA binding,3882326,3883729,+,1403,3882328,3883727,3882346.0,3883724.0,dnaA,CGTTCTACGGTAAATTTCATAGGTTTACGATGACAATGTTCTGATggcttgtcgacgacggcggtctccgtcgtcaggatcatTGACACGGCGGACTCCACTCGAACAAAAGTCGATAATGACTAAGG
46,61,dpiA,P<sup>asp</sup> DNA-binding transcriptional dual regulator DpiA // DNA-binding transcriptional dual regulator DpiA,protein binding // DNA-binding transcription factor activity // DNA binding // phosphorelay response regulator activity,653862,654542,+,680,653864,654540,653867.0,654522.0,dpiA,CAAGTTTCCTCCGGCTTTATCATGTCACCCACTGTGGTATATGCGggcttgtcgacgacggcggtctccgtcgtcaggatcatTGTCATTAGGTTTCACTTTCGGAATATAGATTGAAAATAAGGTAC
47,62,dsdC,DNA-binding transcriptional dual regulator DsdC,sequence-specific DNA binding // DNA-binding transcription factor activity // DNA binding,2476694,2477629,+,935,2476696,2477627,2476714.0,2477624.0,dsdC,ACCAGGAACTCGTGGTTTTATTCATTATGAAGTGGTTTTTACCTGggcttgtcgacgacggcggtctccgtcgtcaggatcatTTCCATAATCACCTCATTTTTCGCTTAAGTGTAAAAAAATAGCGG
48,63,ebgR,DNA-binding transcriptional repressor EbgR,DNA-binding transcription factor activity // transcription regulatory region sequence-specific DNA binding // DNA binding,3221466,3222449,+,983,3221468,3222447,3221471.0,3222429.0,ebgR,CAATGGGGGCGCACATCAGGGAAAGTAAAAAAGGTAAACATGGCAggcttgtcgacgacggcggtctccgtcgtcaggatcatCTGCGCGGCACGACCCGTTAAATCCCCTTACACACTGTCCGGCAA
49,64,ecpR,DNA-binding transcriptional dual regulator MatA,DNA binding,310746,311336,+,590,310748,311334,310766.0,311331.0,ecpR,AACTGAATGCACCTGTAAAAATTACAGGTTTGGAAAGTAGTGACAggcttgtcgacgacggcggtctccgtcgtcaggatcatATATATAAGTTGGTTCAGTAAACTCCAGGCAAGTTAGTTTTAAAA
50,65,envR,DNA-binding transcriptional repressor EnvR,DNA binding // DNA-binding transcription factor activity,3412803,3413465,+,662,3412805,3413463,3412823.0,3413460.0,envR,GAATTTTCAGGACAGAATGTGAATTTACATGACACTTAATTCATTggcttgtcgacgacggcggtctccgtcgtcaggatcatTGCCATGATTAATTATTCAGGAAATAAATATATTCGACACAGAGT
51,66,envY,DNA-binding transcriptional activator EnvY,sequence-specific DNA binding // DNA-binding transcription factor activity // DNA binding,586147,586908,+,761,586149,586906,586167.0,586903.0,envY,ATCCTTTGAGCGGAGTTTCTGATATCTGAGGAGTGCGAAATGCAAggcttgtcgacgacggcggtctccgtcgtcaggatcatCGACAAAAAGTGATGTGGTGAAGGGCAAAGCGGAAACGGATAAGA
52,67,eutR,putative AraC-type transcriptional regulator EutR,sequence-specific DNA binding // DNA-binding transcription factor activity // DNA binding,2554130,2555182,+,1052,2554132,2555180,2554150.0,2555177.0,eutR,GGTCAGGGATTGGGTGTAACTCCCTCACCCCCACTCCCGCATCCGggcttgtcgacgacggcggtctccgtcgtcaggatcatTTTCATGATGTTAATGCCGGGTGTTGTAGGACACCCGGCACCTCC
53,68,evgA,Phosphorylated DNA-binding transcriptional activator EvgA // DNA-binding transcriptional activator EvgA,protein binding // DNA binding // sequence-specific DNA binding,2483755,2484369,+,614,2483757,2484367,2483760.0,2484349.0,evgA,AGGGAGAAGGGAGATGCTTCATTGCAAAGGGAATAATCTATGAACggcttgtcgacgacggcggtctccgtcgtcaggatcatCAACGTAACAAAATCGGCTAACCACATGAAGTTTTTACCCTATAT
54,69,exuR,DNA-binding transcriptional repressor ExuR,DNA-binding transcription factor activity // DNA binding,3246652,3247428,+,776,3246654,3247426,3246657.0,3247408.0,exuR,ATAACAAATATAGTCTGCCGTATCATGCCTGGAGCGCATATGGAAggcttgtcgacgacggcggtctccgtcgtcaggatcatGCCACCAGCGGCAGTAAATGAAATTCCTGTCCGACAGGCGCTGCA
55,70,fabR,DNA-binding transcriptional repressor FabR,DNA binding // DNA-binding transcription factor activity,4161067,4161771,+,704,4161069,4161769,4161072.0,4161751.0,fabR,CTCTATCTTGATTTGCTTGTTTCATTACTCGTCCTTCACATTTCCggcttgtcgacgacggcggtctccgtcgtcaggatcatGAACATACTGGATTGCTCCAGTATTGTGAATGAACGGTAACGCAA
56,71,fadR,DNA-binding transcriptional dual regulator FadR,fatty-acyl-CoA binding // DNA binding // protein homodimerization activity // DNA-binding transcription factor activity,1234938,1235657,+,719,1234940,1235655,1234943.0,1235637.0,fadR,GGTTTGCTCTTTAAACGGAAGGGATTATCGCCCCTGAATGGCTAAggcttgtcgacgacggcggtctccgtcgtcaggatcatGACCATAGTGAGATTTCCATAACACAGCAAAACAAAGTTGGACTC
57,72,feaR,DNA-binding transcriptional activator FeaR,sequence-specific DNA binding // DNA binding // bacterial-type cis-regulatory region sequence-specific DNA binding // DNA-binding transcription factor activity,1446378,1447283,+,905,1446380,1447281,1446398.0,1447278.0,feaR,GCAACAATAAAAATACATTTCACAGAGCGAAAACGTGCCATGAACggcttgtcgacgacggcggtctccgtcgtcaggatcatTATCGACGTAAATTCCGCTAACTAATTGGCGTTGCATGTACTGCA
58,74,fecR,ferric citrate regulator FecR,sigma factor antagonist activity // transmembrane signaling receptor activity // protein binding,4516764,4517717,+,953,4516766,4517715,4516784.0,4517712.0,fecR,CGTCGAGCACTGCCTGCTGTTCCGTCTGGAGTATGGGTTATGAATggcttgtcgacgacggcggtctccgtcgtcaggatcatATAAACATTTCACCACTGTAAGGAAAATAATTCTTATTTCGATTG
59,75,fhlA,DNA-binding transcriptional activator FhlA,protein binding // sequence-specific DNA binding // transcription factor binding // ATP binding // DNA binding // nucleotide binding // identical protein binding // bacterial-type cis-regulatory region sequence-specific DNA binding,2854338,2856416,+,2078,2854340,2856414,2854343.0,2856396.0,fhlA,CTTTTGCACCGCTTTGCGGTGCTTTCCTGGAAGAACAAAATGTCAggcttgtcgacgacggcggtctccgtcgtcaggatcatGATAAATCGGCATTGATTTAACTGCAAATTGCCGGACAGATCTGC
60,76,fimZ,putative LuxR family transcriptional regulator FimZ,DNA binding,563848,564480,+,632,563850,564478,563868.0,564475.0,fimZ,CCTAACGGAAAATTGTCCGCTCCTATGAGACTGGTAACTATGAAAggcttgtcgacgacggcggtctccgtcgtcaggatcatAAATTATACGAATTAATATAATATTAATTATAATTGATCATAAAT
61,78,flhC,DNA-binding transcriptional dual regulator FlhC,zinc ion binding // metal ion binding // DNA binding,1977266,1977844,+,578,1977268,1977842,1977286.0,1977839.0,flhC,GAATGTTGCGCCTCACCGTATCAGTTAAACAGCCTGTACTCTCTGggcttgtcgacgacggcggtctccgtcgtcaggatcatACTCATGATCAGGCCCTTTTCTTGCGCAGCGCTTCTTCAGGCTGA
62,80,fliA,"RNA polymerase, sigma 28 (sigma F) factor",DNA-binding transcription factor activity // DNA-directed 5'-3' RNA polymerase activity // protein binding // DNA binding // sigma factor activity,2001070,2001789,+,719,2001072,2001787,2001090.0,2001784.0,fliA,GTTAAAGTGCGGCATTTACTGACGTTATAACTTACCCAGTTTAGTggcttgtcgacgacggcggtctccgtcgtcaggatcatATTCACGATAAACAGCCCTGCGTTATATGAGTTATCGGCATGATT
63,82,fnr,DNA-binding transcriptional dual regulator FNR,"DNA-binding transcription activator activity // transcription regulatory region sequence-specific DNA binding // metal ion binding // 4 iron, 4 sulfur cluster binding // iron-sulfur cluster binding // DNA-binding transcription factor activity // DNA binding",1398774,1399526,+,752,1398776,1399524,1398794.0,1399521.0,fnr,TTAAAATTGACAAATATCAATTACGGCTTGAGCAGACCTATGATCggcttgtcgacgacggcggtctccgtcgtcaggatcatCATACGCGTAACGTTGCCTGATTTTTCCGCATAACTCACTATCCT
64,83,frlR,putative DNA-binding transcriptional regulator FrlR,protein binding // DNA-binding transcription factor activity // DNA binding,3504052,3504783,+,731,3504054,3504781,3504057.0,3504763.0,frlR,TATAATCCGAGTAATTCATTCTTTATTTCAGGGTCGATTATGTCAggcttgtcgacgacggcggtctccgtcgtcaggatcatATTGATAATAAAAGACATTAACCGTAGGCCGGATAAGATGCGCCA
65,85,frvR,putative transcriptional regulator FrvR,transferase activity // kinase activity // DNA binding,4088107,4089855,+,1748,4088109,4089853,4088127.0,4089850.0,frvR,GAAAGTCAACGCGTTTAGCCAGTTCCGTCAGGTGGATTAATGCTAggcttgtcgacgacggcggtctccgtcgtcaggatcatGAGTTACTTCACAAGGGGTGAACTGTGTCGGATGCGCCGCATCCG
66,86,fucR,DNA-binding transcriptional activator FucR,DNA-binding transcription factor activity // DNA binding // ligand-activated transcription factor activity,2939368,2940099,+,731,2939370,2940097,2939373.0,2940079.0,fucR,GCATGACGCGGGCGGTTATCGAATGATGGGGTGAAAAATATGAAAggcttgtcgacgacggcggtctccgtcgtcaggatcatACTTCTTTGGTAACAGCCTGACGGAAAGGGTAGCAGGCCGGAGAC
67,89,gadW,DNA-binding transcriptional dual regulator GadW,sequence-specific DNA binding // DNA-binding transcription factor activity // DNA binding,3663890,3664618,+,728,3663892,3664616,3663910.0,3664613.0,gadW,ACCAATATTCAAATGCGAAATATGTCAGGAAAAGGTACCTGGCGAggcttgtcgacgacggcggtctccgtcgtcaggatcatAGTCATGATTATCCCTTATATTTCATACTGCGATTATTTCAATTT
68,90,gadX,DNA-binding transcriptional dual regulator GadX,transcription regulatory region sequence-specific DNA binding // sequence-specific DNA binding // DNA-binding transcription factor activity // DNA binding // bacterial-type cis-regulatory region sequence-specific DNA binding // DNA-binding transcription activator activity // protein homodimerization activity,3664986,3665810,+,824,3664988,3665808,3665006.0,3665805.0,gadX,TTTTTTTTATGTCTGAGTAAAACTCTATAATCTTATTCCTTCCGCggcttgtcgacgacggcggtctccgtcgtcaggatcatTTGCATAGTTGACTTAATATTACATAAACATATTACTGTTTATTA
69,91,galR,DNA-binding transcriptional dual regulator GalR,transcription regulatory region sequence-specific DNA binding // identical protein binding // protein binding // DNA-binding transcription factor activity // DNA binding,2976599,2977630,+,1031,2976601,2977628,2976604.0,2977610.0,galR,ACTGAAAGAATGTAAGCGTTTACCCACTAAGGTATTTTCATGGCGggcttgtcgacgacggcggtctccgtcgtcaggatcatCATCATGCAACCAGCGACTAACCGCAGTTAAAGCAATTCCAGCGC
70,92,galS,DNA-binding transcriptional dual regulator GalS,DNA-binding transcription factor activity // transcription regulatory region sequence-specific DNA binding // protein binding // DNA binding,2240628,2241668,+,1040,2240630,2241666,2240648.0,2241663.0,galS,AAATCACTCACAGATTGAAAGCGGTTACATCGCCTGATTTGTTGAggcttgtcgacgacggcggtctccgtcgtcaggatcatGATCATATTCACTACCTGTTATGAGATTGCAGTAAATGACTGCTT
71,93,gcvA,DNA-binding transcriptional dual regulator GcvA,sequence-specific DNA binding // DNA binding // DNA-binding transcription factor activity,2941650,2942567,+,917,2941652,2942565,2941670.0,2942562.0,gcvA,GGTCATGGTCGTACCCTACGTAAATTATTGTTCATAACGAAAGCGggcttgtcgacgacggcggtctccgtcgtcaggatcatAGACATGGCTATTAAACTTTGATGTTAAATGAATTTAACAATTAG
72,95,glaR,DNA-binding transcriptional repressor GlaR,DNA-binding transcription factor activity // DNA binding,2795674,2796336,+,662,2795676,2796334,2795679.0,2796316.0,glaR,CGTTCATAATACGCGCTGATCATGATCAGGAGTCACACCATGACCggcttgtcgacgacggcggtctccgtcgtcaggatcatCAGGCGATGGCTGGCAATTAACTACTCTTCCGGAATACGCAACAC
73,96,glcC,DNA-binding transcriptional dual regulator GlcC,protein binding // DNA-binding transcription factor activity // DNA binding,3128272,3129036,+,764,3128274,3129034,3128277.0,3129016.0,glcC,AACAGAAAAATTGGTCCTACCTGTGCACGAGGTCCGGGAATGAAAggcttgtcgacgacggcggtctccgtcgtcaggatcatCTGGAGATGAACCTGAGTTAGCTGGTATTAAATCTGCTTTTCATA
74,97,glnG,NtrC-phosphorylated monomer // DNA-binding transcriptional dual regulator NtrC,protein binding // sequence-specific DNA binding // transcription factor binding // phosphorelay response regulator activity // ATP binding // DNA binding // nucleotide binding,4053869,4055278,+,1409,4053871,4055276,4053889.0,4055273.0,glnG,CTCGGTTTACCTGCCTATCAGGAAATAAAGGTGACGTTTATGCAAggcttgtcgacgacggcggtctccgtcgtcaggatcatAAAGAGCTGGGGATGGAGTGATTCACAGCTTGTGTGTAAAGATTG
75,98,glpR,DNA-binding transcriptional repressor GlpR,bacterial-type cis-regulatory region sequence-specific DNA binding,3559848,3560605,+,757,3559850,3560603,3559868.0,3560600.0,glpR,TCTGACGTGGGAAGCCGTGCAGGATCAGCACAGCTCCAGTTGAATggcttgtcgacgacggcggtctccgtcgtcaggatcatTTTCATTTATAAATCCCTGGAATTATTTTCGTTTTCGCGCATTGA
76,99,glrR,P<sup>asp56</sup> DNA-binding transcriptional activator GlrR // DNA-binding transcriptional activator GlrR,transcription factor binding // DNA binding // ATP binding // nucleotide binding // DNA-binding transcription factor activity // bacterial-type cis-regulatory region sequence-specific DNA binding // phosphorelay response regulator activity,2687469,2688803,+,1334,2687471,2688801,2687489.0,2688798.0,glrR,CTAAACGTAACACATAACGCCAATTCATTCCTTGAAATCGTTTGCggcttgtcgacgacggcggtctccgtcgtcaggatcatGCTCATCAGGAGTGACCTCATGGGTGGATGGCGCGGGCTTTTCAC
77,100,gntR,DNA-binding transcriptional repressor GntR,DNA-binding transcription factor activity // transcription regulatory region sequence-specific DNA binding // DNA binding,3577731,3578726,+,995,3577733,3578724,3577751.0,3578721.0,gntR,GTGAGCTACTTCAAATTTGTGGGCTTAAATAGATCCGCCCGGTGAggcttgtcgacgacggcggtctccgtcgtcaggatcatTTTCATCGTCCTGAAGGTACAAAAGAGATAGATTCTCTTAGTTTA
78,104,hcaR,DNA-binding transcriptional dual regulator HcaR,bacterial-type cis-regulatory region sequence-specific DNA binding // DNA binding // DNA-binding transcription factor activity,2668006,2668896,+,890,2668008,2668894,2668026.0,2668891.0,hcaR,GCATGTTGCAAAAATAATGCGTAATTATGCCGTTACGCTTGCCAAggcttgtcgacgacggcggtctccgtcgtcaggatcatTTCCATCACCTTCCCCTTGTTATCGAAAAAACGTCTCAGCTGGTA
79,105,hdfR,DNA-binding transcriptional dual regulator HdfR,DNA binding // DNA-binding transcription factor activity,3947128,3947967,+,839,3947130,3947965,3947148.0,3947962.0,hdfR,ATTTAAATCATAACGACAAATAATTTTGCGGAGAGCACTGTGGATggcttgtcgacgacggcggtctccgtcgtcaggatcatGTGCTGGATGAAGTGTATTAATATGAATGGCTGGCAAGGATGCCG
80,111,hprR,phosphorylated DNA-binding transcriptional dual regulator HprR // DNA-binding transcriptional dual regulator HprR,DNA-binding transcription activator activity // transcription regulatory region sequence-specific DNA binding // phosphorelay response regulator activity // protein binding // DNA-binding transcription factor activity // DNA binding,2038152,2038823,+,671,2038154,2038821,2038172.0,2038818.0,hprR,GGACGGTTATAGATAGTCTTTTCATTATTTTTTTACCGCTACGAAggcttgtcgacgacggcggtctccgtcgtcaggatcatCTTCATGAAAATAATATGCCATAAATCATATGTTATAGAAACAGC
81,114,hyfR,DNA-binding transcriptional activator HyfR,transcription factor binding // ATP binding // DNA binding // nucleotide binding,2611900,2613912,+,2012,2611902,2613910,2611905.0,2613892.0,hyfR,AATTGCGTGAGAAGGATTTCTCATTAATAAGGACTGTTGATGGCTggcttgtcgacgacggcggtctccgtcgtcaggatcatTCGGTTCGCGAGGTGTTGTAATCTGCTTTTGCAGGAGTATGCATG
82,115,hypT,DNA-binding transcriptional dual regulator HypT,DNA-binding transcription factor activity // DNA binding // bacterial-type RNA polymerase transcription regulatory region sequence-specific DNA binding // transcription regulatory region sequence-specific DNA binding // identical protein binding,4557378,4558289,+,911,4557380,4558287,4557398.0,4558284.0,hypT,GTAGAATGCCCGCAAGGGCGGCTGACAGAGTAAAACGTAATGGATggcttgtcgacgacggcggtctccgtcgtcaggatcatCTGGAGATTGTGCTTAGCTGACATTCTCCAGCGTCGCACTGCGCC
83,116,iclR,DNA-binding transcriptional repressor IclR,protein binding // DNA-binding transcription factor activity // DNA binding,4222804,4223628,+,824,4222806,4223626,4222824.0,4223623.0,iclR,ATGAAAATGATTTCCACGATACAGAAAAAAGAGACTGTCATGGTCggcttgtcgacgacggcggtctccgtcgtcaggatcatGCGTACGGTGGAATGCGCTGACTTTTTCTGGCGGGCAGAGGCAAT
84,117,idnR,DNA-binding transcriptional dual regulator IdnR,DNA-binding transcription factor activity // transcription regulatory region sequence-specific DNA binding // DNA binding,4490141,4491139,+,998,4490143,4491137,4490161.0,4491134.0,idnR,GGGGGAAGATTGAAGATTCCCCCGACGTTGGGAGAAGTTATGCGCggcttgtcgacgacggcggtctccgtcgtcaggatcatTATCACGGCAACACGCTTTAGGTTATTTTCTCTTCATTACACGTA
85,120,ilvY,DNA-binding transcriptional dual regulator IlvY,transcription regulatory region sequence-specific DNA binding // DNA-binding transcription factor activity // DNA binding,3956927,3957820,+,893,3956929,3957818,3956947.0,3957815.0,ilvY,ATTGCAATTTTTGCAACGTCAACATCGAGGGCTGTCCCTGTGGATggcttgtcgacgacggcggtctccgtcgtcaggatcatATTTTGCCGAACCACAAATGACGTTGTCGCGCGGGTAGGCCTGAT
86,121,iprA,putative DNA-binding transcriptional regulator IprA,,394506,395129,+,623,394508,395127,394511.0,395109.0,iprA,CCGTTGGTTATCCCCGCGTCCTGATTAATACTCTGAAGGCAAACGggcttgtcgacgacggcggtctccgtcgtcaggatcatTAACATTTGCGCGTCCTTTGCAGTAATGCCCGTCAAATCCTTGAC
87,123,kdgR,DNA-binding transcriptional repressor KdgR,protein binding // DNA binding // DNA-binding transcription factor activity,1909308,1910099,+,791,1909310,1910097,1909328.0,1910094.0,kdgR,TATTCCGACAGGTTCTTACTCTCATCAGAACGGATAGTCGTGATAggcttgtcgacgacggcggtctccgtcgtcaggatcatAGCCATTTATCACCTCATTGCGAGTGTTTTATAAAAATCAGAACT
88,124,kdpE,KdpE-Phosphorylated // DNA-binding transcriptional activator KdpE,transcription regulatory region sequence-specific DNA binding // phosphorelay response regulator activity // DNA binding // DNA-binding transcription factor activity // protein homodimerization activity // DNA-binding transcription activator activity // protein binding // bacterial-type cis-regulatory region sequence-specific DNA binding,721056,721733,+,677,721058,721731,721076.0,721728.0,kdpE,GCAAACTGCCCCTGAACTTGAAGAATTTCATGAGGATATGTGACAggcttgtcgacgacggcggtctccgtcgtcaggatcatGGCTATCGGTTTATGCTTTGAATATTAATTTTAATACAGCCTGCC
89,125,lacI,DNA-binding transcriptional repressor LacI,DNA-binding transcription factor activity // transcription regulatory region sequence-specific DNA binding // identical protein binding // DNA binding // bacterial-type cis-regulatory region sequence-specific DNA binding // DNA-binding transcription repressor activity,366428,367510,+,1082,366430,367508,366448.0,367505.0,lacI,TGATAGCGCCCGGAAGAGAGTCAATTCAGGGTGGTGAATGTGAAAggcttgtcgacgacggcggtctccgtcgtcaggatcatCGACTGGAAAGCGGGCAGTGAGCGCAACGCAATTAATGTGAGTTA
90,126,leuO,DNA-binding transcriptional dual regulator LeuO,sequence-specific DNA binding // DNA-binding transcription factor activity // DNA binding,84368,85312,+,944,84370,85310,84373.0,85292.0,leuO,ATGTCTGACCTATTCTGCAATCAGTTAGCGTTTGCAAATTGAGACggcttgtcgacgacggcggtctccgtcgtcaggatcatTGGCATACTTAACTCCACTGTCACACTTAACTCCCTTTCCCTTAT
91,127,lexA,DNA-binding transcriptional repressor LexA,identical protein binding // protein binding // DNA-binding transcription repressor activity // transcription regulatory region sequence-specific DNA binding // serine-type endopeptidase activity // hydrolase activity // DNA binding,4257115,4257723,+,608,4257117,4257721,4257120.0,4257703.0,lexA,CGGCATCGCGGTCTCAGAGATATGTTACAGCCAGTCGCCGTTGCGggcttgtcgacgacggcggtctccgtcgtcaggatcatTTTCATTCCGCCCCCTGGGTGTATATACAGTTATGCTGTGAGTAT
92,128,lgoR,putative DNA-binding transcriptional regulator LgoR,DNA-binding transcription factor activity // DNA binding,4594937,4595851,+,914,4594939,4595849,4594957.0,4595846.0,lgoR,TTTTAAATCGGGTTTTAATGGACTCACAAGGAGGAAAATATGAGTggcttgtcgacgacggcggtctccgtcgtcaggatcatAACACGCGTTATGCTCATTAAGTACGGATTAAAAACAGCAAACTA
93,129,lldR,DNA-binding transcriptional dual regulator LldR,DNA binding // DNA-binding transcription factor activity // DNA-binding transcription repressor activity // DNA-binding transcription activator activity // bacterial-type cis-regulatory region sequence-specific DNA binding,3779054,3779830,+,776,3779056,3779828,3779059.0,3779810.0,lldR,CACGCTTCAGGCTTATGTCTTAACGTGGATGATTCCTTAATGATTggcttgtcgacgacggcggtctccgtcgtcaggatcatTCGAGGGAGAAAAACGCATGATTATTTCCGCAGCCAGCGATTATC
94,130,lrhA,DNA-binding transcriptional dual regulator LrhA,DNA binding // DNA-binding transcription factor activity // sequence-specific DNA binding // bacterial-type cis-regulatory region sequence-specific DNA binding,2405703,2406641,+,938,2405705,2406639,2405723.0,2406636.0,lrhA,CAGGAATTATCTATCGTCCGTCGATTACTCGATATCCCTTTCAATggcttgtcgacgacggcggtctccgtcgtcaggatcatTATCATATATTATCACTTACTGGCGGCTCATACTGAGCTGGTTAA
95,132,lsrR,DNA-binding transcriptional repressor LsrR,carbohydrate binding // DNA binding // bacterial-type cis-regulatory region sequence-specific DNA binding // identical protein binding,1600288,1601241,+,953,1600290,1601239,1600308.0,1601236.0,lsrR,TCCCGGTAATAAGGTCATGCAAATTTAACTACGTAAAATCGCCGCggcttgtcgacgacggcggtctccgtcgtcaggatcatTGTCATAATTCATTCTTCACTTTGAACATATTTAAATCTTTAATG
96,133,lysR,DNA-binding transcriptional dual regulator LysR,sequence-specific DNA binding // DNA-binding transcription factor activity // DNA binding,2979021,2979956,+,935,2979023,2979954,2979026.0,2979936.0,lysR,CAAAAATGATATGGATTACCGGATTGCGAGAGAGCGCTAATGGCCggcttgtcgacgacggcggtctccgtcgtcaggatcatTCGTCAGCTACGACAGCATAAAAGCGACAGCATCCTCGGCATGGA
97,134,malI,DNA-binding transcriptional repressor MalI,DNA-binding transcription repressor activity // DNA-binding transcription factor activity // transcription regulatory region sequence-specific DNA binding // DNA binding,1698152,1699180,+,1028,1698154,1699178,1698172.0,1699175.0,malI,CAGGTATAGCAGATAAAGAGAGGATTATTTCGCTGCAATGAGCCGggcttgtcgacgacggcggtctccgtcgtcaggatcatAGCCATGCAGATGACCTACTCCCTGATTATGTGACAGATAAAACG
98,135,malT,DNA-binding transcriptional activator MalT,DNA-binding transcription factor activity // identical protein binding // ATP binding // DNA binding // nucleotide binding // protein binding // trisaccharide binding,3553085,3555790,+,2705,3553087,3555788,3553090.0,3555770.0,malT,AATAATATTTCCTCATTTTCCACAGTGAAGTGATTAACTATGCTGggcttgtcgacgacggcggtctccgtcgtcaggatcatATGATGGGGTACGGCGTGTAAGTTTAGCCGGATAACGCGCCAGAT
99,138,mcbR,DNA-binding transcriptional dual regulator McbR,protein binding // DNA binding // DNA-binding transcription factor activity,1520262,1520927,+,665,1520264,1520925,1520267.0,1520907.0,mcbR,CCCGGTATTTGCCGGGCATTTACTTTAACGATTGTATTGCTGGTAggcttgtcgacgacggcggtctccgtcgtcaggatcatAGGCATTTTAATTCCTTCGCGTGTTTTCTGTCCAACCCTGCCTGC
100,139,melR,DNA-binding transcriptional dual regulator MelR,sequence-specific DNA binding // DNA-binding transcription factor activity // DNA binding,4340720,4341628,+,908,4340722,4341626,4340740.0,4341623.0,melR,CCTGCCATAATTCTGATATTCCAGGAAAGAGAGCCATCCATGAATggcttgtcgacgacggcggtctccgtcgtcaggatcatCGCCAGACGTTTCCCGGCTAAAGACGATATCAGTATCAGCCAAAA
101,141,metR,DNA-binding transcriptional dual regulator MetR,transcription regulatory region sequence-specific DNA binding // DNA-binding transcription factor activity // amino acid binding // DNA binding,4011863,4012816,+,953,4011865,4012814,4011883.0,4012811.0,metR,CTCAAGCGCAAATTATTCATGCCGAAGTGAAGGACTTTCATGATCggcttgtcgacgacggcggtctccgtcgtcaggatcatGGATCACCAGCGCGCCTGTAATAAACGTTGGCCAGTGCGGCTGTT
102,142,mhpR,DNA-binding transcriptional activator MhpR,DNA-binding transcription factor activity // DNA binding,367587,368420,+,833,367589,368418,367607.0,368415.0,mhpR,GTGCACCACGTTGTTTTAACTATAGAAATGTCAATTAATATGCAGggcttgtcgacgacggcggtctccgtcgtcaggatcatAGCGGCATGCATTTACGTTGACACCATCGAATGGCGCAAAACCTT
103,143,mlc,DNA-binding transcriptional repressor Mlc,identical protein binding // protein binding // metal ion binding // DNA binding,1667344,1668564,+,1220,1667346,1668562,1667364.0,1668559.0,mlc,TTTTGGTAGAACAGTTAAAAAATGTTAACCCTGCAACAGACGAATggcttgtcgacgacggcggtctccgtcgtcaggatcatAACCACCGCATACTCCCTATATTTTCGCGCTCCGAAATAATCTGT
104,144,mlrA,DNA-binding transcriptional activator MlrA,DNA binding // protein binding // DNA-binding transcription factor activity,2214866,2215597,+,731,2214868,2215595,2214871.0,2215577.0,mlrA,CTAAAGTTAAACCGGGACCTCGCGAGCAAGGGTGAGACGATGGCGggcttgtcgacgacggcggtctccgtcgtcaggatcatATTTTCCCACTCGGCATTTAATGATTCGTTAACAAATGCGCTTTA
105,145,mngR,DNA-binding transcriptional repressor MngR,DNA binding // DNA-binding transcription factor activity,765153,765875,+,722,765155,765873,765173.0,765870.0,mngR,GGGCATAATGGTTAAATTCGTATTAATGAGATACTAAAAATGGGAggcttgtcgacgacggcggtctccgtcgtcaggatcatCAGCGAAAATCATCGCGATAAGCACAAAAAAGGCCATCATACGAT
106,147,modE,DNA-binding transcriptional dual regulator ModE,metal ion binding // DNA-binding transcription factor activity // DNA binding // bacterial-type cis-regulatory region sequence-specific DNA binding // molybdenum ion binding,793856,794644,+,788,793858,794642,793876.0,794639.0,modE,CGTTTTCCGTCACAATAAGACTTTTGCCAGGACATTGTTATGCAGggcttgtcgacgacggcggtctccgtcgtcaggatcatATTATCGCCACGCTGTGCTAAGCGTGTTGACAATTTGTTATGAAA
107,150,mtlR,transcriptional repressor MtlR,protein binding,3775572,3776159,+,587,3775574,3776157,3775577.0,3776139.0,mtlR,TGTATCCGAGGCGGTAACCGCTTATAAAGCAATGCAATAATGGTGggcttgtcgacgacggcggtctccgtcgtcaggatcatAAAAAAGCCTTTCAAAAGTAAGCAACGTCTGCTTACTGCCCCTCT
108,151,murR,DNA-binding transcriptional dual regulator MurR,carbohydrate derivative binding // DNA binding // DNA-binding transcription factor activity,2544752,2545609,+,857,2544754,2545607,2544772.0,2545604.0,murR,TCAATCCAGTCGCTGCTTTATGCATCATTTCAGGCGTTGTGTTAGggcttgtcgacgacggcggtctccgtcgtcaggatcatCAACATCTTCCACTCTCCTGGGCTGGCAGCATAAATTCCGCTTAA
109,152,nac,DNA-binding transcriptional dual regulator Nac,DNA binding // DNA-binding transcription factor activity,2061016,2061933,+,917,2061018,2061931,2061036.0,2061928.0,nac,TCTTATTCCATCCCGATATAACACTTAGCTCACCAATTGCCACTGggcttgtcgacgacggcggtctccgtcgtcaggatcatGTTCATGTTGCCTCCGGTTTTTAAGAATCGGCCCAAGTGCCGCCA
110,153,nadR,DNA-binding transcriptional repressor/NMN adenylyltransferase NadR,transferase activity // catalytic activity // DNA binding // kinase activity // ATP binding // nucleotide binding // identical protein binding // magnesium ion binding // bacterial-type cis-regulatory region sequence-specific DNA binding // ribosylnicotinamide kinase activity // nicotinamide-nucleotide adenylyltransferase activity,4627315,4628547,+,1232,4627317,4628545,4627320.0,4628527.0,nadR,CGCCTTTGAGCAGTTTCATCACGGTTATCTCTGCTCCCCCATCATggcttgtcgacgacggcggtctccgtcgtcaggatcatCGACATATCTCCCTCCGTATATCTCATTATAAGTCGTCGAACACG
111,154,nagC,DNA-binding transcriptional dual regulator NagC,DNA-binding transcription factor activity // DNA binding,700374,701594,+,1220,700376,701592,700394.0,701589.0,nagC,CGTTAACGGTAACGAGGTCGTAACTCAATAAGAGAAAGTATGACAggcttgtcgacgacggcggtctccgtcgtcaggatcatCAGCATTTGCTGGAAAATTAATGTGCTTTTATAGTGGCGCTTATT
112,155,nanR,DNA-binding transcriptional dual regulator NanR,DNA-binding transcription factor activity // DNA binding,3373698,3374489,+,791,3373700,3374487,3373718.0,3374484.0,nanR,GCGATCTGCTTCACTAAAGTGGCATTATTTCTTTTTGTTGGTGGTggcttgtcgacgacggcggtctccgtcgtcaggatcatGCCCATTCTGTAAGGTCAGTGTGATTAACATCATCAGTGACATCC
113,156,narL,Phosphorylated DNA-binding transcriptional dual regulator NarL // DNA-binding transcriptional dual regulator NarL,protein binding // DNA-binding transcription repressor activity // transcription regulatory region sequence-specific DNA binding // ATP binding // nucleotide binding // DNA binding,1275179,1275829,+,650,1275181,1275827,1275199.0,1275824.0,narL,TTCCCGAAAAAACTTTCACAGACGTCCAAGGAGATACCCATGAGTggcttgtcgacgacggcggtctccgtcgtcaggatcatCATCAGGAGCGCATTTTCTGATTACGGTTCCCAGCGCAGTTCGTC
114,157,narP,Phosphorylated DNA-binding transcriptional dual regulator NarP // DNA-binding transcriptional dual regulator NarP,ATP binding // nucleotide binding // DNA binding,2290500,2291147,+,647,2290502,2291145,2290505.0,2291127.0,narP,TCAAACATAATGATTCTAATAAAACCTCAGGAGACTACTATGCCTggcttgtcgacgacggcggtctccgtcgtcaggatcatCAACAACGCGGGGCACAATAAAAATAGCCCGATGGATTTATCATC
115,158,nemR,DNA-binding transcriptional repressor NemR,protein binding // DNA binding // DNA-binding transcription factor activity,1726023,1726622,+,599,1726025,1726620,1726028.0,1726602.0,nemR,TGCTTGCACTAGACCGACTGGTCTACTACACTCCAACGCATGAACggcttgtcgacgacggcggtctccgtcgtcaggatcatATTGCGACGCCTGCCGTTTAGCAGGCATTTTTTATCACCAGACGA
116,159,nfeR,DNA-binding transcriptional repressor NfeR,DNA-binding transcription factor activity // DNA binding,3216779,3217402,+,623,3216781,3217400,3216784.0,3217382.0,nfeR,ATAAATTAGATATATCTAATTAAGCAAAAGGAGGCTGATATGAGCggcttgtcgacgacggcggtctccgtcgtcaggatcatGATATTACGCAACTGGATTAATCGCCGCATCCGCCAGTGGCGCGG
117,160,nhaR,DNA-binding transcriptional activator NhaR,DNA-binding transcription factor activity // DNA binding // DNA-binding transcription activator activity,18715,19620,+,905,18717,19618,18720.0,19600.0,nhaR,CCTTAACTTTGGGGGAGCTGCCGATTAACGCACCGCTGGACTAAAggcttgtcgacgacggcggtctccgtcgtcaggatcatGCTCATTTCTCTCCCTGATAACAATGAAAAGGGAGCCGTTTATGG
118,162,nimR,DNA-binding transcriptional repressor NimR,sequence-specific DNA binding // DNA-binding transcription factor activity // DNA binding,1874755,1875576,+,821,1874757,1875574,1874775.0,1875571.0,nimR,TTCGCGGCGTACCGGTTGGGCCGCTTATTGCCGCGGGTCTGGTTTggcttgtcgacgacggcggtctccgtcgtcaggatcatCATCATTTTGTCCGAACTTAGCGATAATTTGTCATTTTAGCTTGA
119,163,norR,DNA-binding transcriptional dual regulator NorR,transcription factor binding // ATP binding // DNA binding // nucleotide binding // identical protein binding // ferrous iron binding // bacterial-type cis-regulatory region sequence-specific DNA binding // nitric oxide binding // DNA-binding transcription factor activity,2830775,2832289,+,1514,2830777,2832287,2830795.0,2832284.0,norR,GGATTTCTATCAGGCCGGGATTATTTAATCCTTCAATCCCAGACGggcttgtcgacgacggcggtctccgtcgtcaggatcatACTCATCTTTGCCTCACTGTCAATTTGACTATAGATATTGTCATA
120,166,nusA,transcription termination/antitermination protein NusA,protein domain specific binding // bacterial-type RNA polymerase core enzyme binding // nucleic acid binding // protein binding // DNA-binding transcription factor activity // nucleotide binding // RNA binding,3316039,3317526,+,1487,3316041,3317524,3316059.0,3317521.0,nusA,GCTGTTCCTTCCTGCTACAGTTTATTACGCTTCGTCACCGAACCAggcttgtcgacgacggcggtctccgtcgtcaggatcatGTTCATCGCGGGCTTTTCACCTCATCCAGACTATTAAAAGTGGGG
121,167,obgE,GTPase ObgE,metal ion binding // hydrolase activity // nucleotide binding // magnesium ion binding // rRNA binding // RNA binding // DNA binding // ribosomal large subunit binding // guanyl ribonucleotide binding // GTPase activity // GDP binding // protein binding // GTP binding,3330582,3331754,+,1172,3330584,3331752,3330602.0,3331749.0,obgE,TGATTTGGCGTTTATCATCAGTGATTAACGCTTGTAAATGAACTCggcttgtcgacgacggcggtctccgtcgtcaggatcatCTTCATTTTATTCTCCGTAAATCATTCGCCTGCGCGGGGTTGCGA
122,168,ompR,OmpR-Phosphorylated // DNA-binding transcriptional dual regulator OmpR,DNA-binding transcription factor activity // protein binding // DNA-binding transcription activator activity // transcription regulatory region sequence-specific DNA binding // DNA binding // phosphorelay response regulator activity,3535865,3536584,+,719,3535867,3536582,3535885.0,3536579.0,ompR,TTCGTGGCGAGAAGCGCAATCGCCTCATGCTTTAGAGCCGTCCGGggcttgtcgacgacggcggtctccgtcgtcaggatcatTTGCATTGTTTGTACTCCCAAAGGTTCGCAACAATTTGTAAGCGT
123,169,oxyR,DNA-binding transcriptional dual regulator OxyR,DNA binding // protein binding // DNA-binding transcription factor activity // bacterial-type cis-regulatory region sequence-specific DNA binding,4158490,4159407,+,917,4158492,4159405,4158495.0,4159387.0,oxyR,TATCGGGTAGCTGCGTTAAACGGTTTAAACCGCCTGTTTTAAAACggcttgtcgacgacggcggtctccgtcgtcaggatcatATTCATTATCCATCCTCCATCGCCACGATAGTTCATGGCGATAGG
124,170,paaX,DNA-binding transcriptional repressor PaaX,protein binding // DNA binding // bacterial-type RNA polymerase transcription regulatory region sequence-specific DNA binding,1463539,1464489,+,950,1463541,1464487,1463544.0,1464469.0,paaX,CTGGCACAACCGGAGTCAGACCGTCTATCTGATAAATTGGCATAAggcttgtcgacgacggcggtctccgtcgtcaggatcatACTCATTCGCTTCAGTCTGTTGTTATTGTTGTGATTTATGAATCA
125,171,pdhR,DNA-binding transcriptional dual regulator PdhR,DNA binding // DNA-binding transcription factor activity,122092,122856,+,764,122094,122854,122097.0,122836.0,pdhR,GGATAATTTTTACCAGAAAAATCACTAATTCTTTCGTTGCTCCAGggcttgtcgacgacggcggtctccgtcgtcaggatcatGGCCATGAGTTCCTGTCTTAAGCCACTTGCCGAAGTCAATTGGTC
126,172,pgrR,DNA-binding transcriptional repressor PgrR,DNA-binding transcription factor activity // sequence-specific DNA binding // DNA binding,1391991,1392890,+,899,1391993,1392888,1391996.0,1392870.0,pgrR,AAATTAATGTATCAGCAAGTAGTGCTAAACAGCACCTTTATACTTggcttgtcgacgacggcggtctccgtcgtcaggatcatCTTCATTCAGTATCTCCATGCAATCTATTAATCATTTAAATGATA
127,173,phnF,putative transcriptional regulator PhnF,DNA binding // DNA-binding transcription factor activity,4321697,4322422,+,725,4321699,4322420,4321717.0,4322417.0,phnF,GCGTAAGCACTTTATCTGATAAGCGAGGCATTGATATCTATGCACggcttgtcgacgacggcggtctccgtcgtcaggatcatGAATTCACTATGGAGCACTGAATGCACGCAGATACCGCGACCCGC
128,174,phoB,Phosphorylated DNA-binding transcriptional dual regulator PhoB // DNA-binding transcriptional dual regulator PhoB,DNA-binding transcription factor activity // DNA-binding transcription activator activity // transcription regulatory region sequence-specific DNA binding // identical protein binding // phosphorelay response regulator activity // DNA binding // bacterial-type RNA polymerase holo enzyme binding,417142,417831,+,689,417144,417829,417147.0,417811.0,phoB,GCTCTGCGTCCGATGAGCAAGGCGTTAAAAGCGGGTTGAAAAACGggcttgtcgacgacggcggtctccgtcgtcaggatcatCGCCATGATTTGCCCTGTTGTAATAAATAGGTTGCGATCATTAAT
129,175,phoP,Phosphorylated DNA-binding transcriptional dual regulator PhoP // DNA-binding transcriptional dual regulator PhoP,DNA-binding transcription factor activity // phosphorelay response regulator activity // DNA-binding transcription activator activity // transcription regulatory region sequence-specific DNA binding // identical protein binding // DNA binding,1189776,1190447,+,671,1189778,1190445,1189796.0,1190442.0,phoP,GTTACACTATTTTAATAATTAAGACAGGGAGAAATAAAAATGCGCggcttgtcgacgacggcggtctccgtcgtcaggatcatTATCTGTTCGAATTGCGCTGATGAAAAAATTACTGCGTCTTTTTT
130,176,plaR,DNA-binding transcriptional repressor PlaR,DNA-binding transcription factor activity // DNA binding,3741684,3742532,+,848,3741686,3742530,3741704.0,3742527.0,plaR,AAGTTTTGGCACTTGTCCAAAGCGTTATGTGATCGCGCCCAGGTCggcttgtcgacgacggcggtctccgtcgtcaggatcatCCCCATTTTGTCGCGTCCTGATGGTAGCGCAAAGTGTGCCGTAGT
131,177,prpR,DNA-binding transcriptional dual regulator PrpR,sequence-specific DNA binding // transcription factor binding // phosphorelay response regulator activity // DNA binding // ATP binding // nucleotide binding // DNA-binding transcription factor activity,346857,348443,+,1586,346859,348441,346877.0,348438.0,prpR,CTAAACCCAATATTCGGTTTCTTAACTTTGCGGTGCGCTATGGCAggcttgtcgacgacggcggtctccgtcgtcaggatcatTGGCGGCGGCTGAAAAGCTGAACTGCCGAATGCAGCGCGAACGCT
132,178,pspF,DNA-binding transcriptional dual regulator PspF,transcription factor binding // ATP binding // nucleotide binding // sequence-specific DNA binding // DNA binding,1366935,1367912,+,977,1366937,1367910,1366955.0,1367907.0,pspF,TGAGTTAGCGAATTACACTAACAAGTGGCGAATTTCATCATGGCAggcttgtcgacgacggcggtctccgtcgtcaggatcatTTGAAAAAGCACCAGATTTAGCGAAGTTGAGCAATACAACTTGCC
133,179,purR,DNA-binding transcriptional repressor PurR,DNA-binding transcription factor activity // transcription regulatory region sequence-specific DNA binding // protein binding // DNA binding // DNA-binding transcription repressor activity // protein homodimerization activity // guanine binding,1737844,1738869,+,1025,1737846,1738867,1737849.0,1738849.0,purR,TTTTGCAGGAGCTGAAGTTAGGGTCTGGAGTGAAATGGAATGGCAggcttgtcgacgacggcggtctccgtcgtcaggatcatTTCCGCGACTATCGTCGTTAATCACCCGTTGCGGGAGTCTCTTCC
134,180,putA,fused DNA-binding transcriptional repressor / proline dehydrogenase / 1-pyrroline-5-carboxylate dehydrogenase PutA,"oxidoreductase activity, acting on the aldehyde or oxo group of donors, NAD or NADP as acceptor // identical protein binding // oxidoreductase activity // catalytic activity // DNA-binding transcription factor activity // sequence-specific DNA binding // protein homodimerization activity // DNA-binding transcription repressor activity // bacterial-type cis-regulatory region sequence-specific DNA binding // flavin adenine dinucleotide binding // DNA binding // 1-pyrroline-5-carboxylate dehydrogenase activity // proline dehydrogenase activity",1074920,1078882,+,3962,1074922,1078880,1074940.0,1078877.0,putA,ACGTTAAGTTGCACCTTTCTGAACAACAGGAGTAATGGCATGGGAggcttgtcgacgacggcggtctccgtcgtcaggatcatAGCTTAATGACTATAGGTTAAACAGGTAGCCGGAGGATGTTACAA
135,182,pyrR,phosphorylated DNA-binding transcriptional dual regulator PyrR // DNA-binding transcriptional activator PyrR,DNA-binding transcription factor activity // DNA-binding transcription activator activity // transcription regulatory region sequence-specific DNA binding // phosphorelay response regulator activity // DNA binding,2500383,2501117,+,734,2500385,2501115,2500388.0,2501097.0,pyrR,CTCACAGGCTACGTTATTGCTTTGAGCCGGAGTGATATTGTGAAAggcttgtcgacgacggcggtctccgtcgtcaggatcatCGCCAGTTAATGCATCTTTAATCGGGAACTTTCATGAAAGCACCA
136,183,qseB,Phosphorylated DNA-binding transcriptional activator QseB // DNA-binding transcriptional activator QseB,DNA-binding transcription factor activity // DNA-binding transcription activator activity // transcription regulatory region sequence-specific DNA binding // phosphorelay response regulator activity // DNA binding,3169828,3170487,+,659,3169830,3170485,3169833.0,3170467.0,qseB,TTTACTGGCAGCAAATACGGTTATCGCAGGGATGAAAAAATGCGAggcttgtcgacgacggcggtctccgtcgtcaggatcatTACACATTAGGTGAGAAATGAAATTTACCCAACGTCTTAGTCTGC
137,185,rapA,RNA polymerase-binding ATPase and RNAP recycling factor,"hydrolase activity, acting on acid anhydrides // hydrolase activity // ATP binding // helicase activity // DNA binding // nucleotide binding // bacterial-type RNA polymerase core enzyme binding // protein binding // ATPase activity // nucleic acid binding",60358,63264,+,2906,60360,63262,60378.0,63259.0,rapA,GGTTATTGCCTGCAATTAAAGATATAGAGCCGAACACATATGCCTggcttgtcgacgacggcggtctccgtcgtcaggatcatATCGTTGTAACGCATCAGTAACGGAGCCGAAAATGGGGATGGAAA
138,186,rbsR,DNA-binding transcriptional dual regulator RbsR,DNA-binding transcription factor activity // transcription regulatory region sequence-specific DNA binding // protein binding // DNA binding // monosaccharide binding // DNA-binding transcription activator activity // bacterial-type cis-regulatory region sequence-specific DNA binding,3938227,3939219,+,992,3938229,3939217,3938232.0,3939199.0,rbsR,ATTTGATCAAAAGACAGCGTAAATCTAAGCCGAACCGCGTTCCATggcttgtcgacgacggcggtctccgtcgtcaggatcatAGCCAAGCGTCACCTCTGCCTGTCTAAAAATGCGTCGATCTCTTC
139,188,rcdB,putative DNA-binding transcriptional regulator YhjC,sequence-specific DNA binding // DNA-binding transcription factor activity // DNA binding,3672414,3673313,+,899,3672416,3673311,3672419.0,3673293.0,rcdB,GCGTTACTGTTTCGCTGTGAACAACAATCGGTCAAAGAAATGGATggcttgtcgacgacggcggtctccgtcgtcaggatcatATGAAAGAGTACCTGGACTGACCGACTATACTTTTTAAGAATGAC
140,189,rclR,DNA-binding transcriptional activator RclR,sequence-specific DNA binding // DNA-binding transcription factor activity // DNA binding // DNA-binding transcription activator activity,320227,321081,+,854,320229,321079,320232.0,321061.0,rclR,TGCCCTGATTTCTGGCGGTTTTATTCAGGGTGCAAGCTGTCTGACggcttgtcgacgacggcggtctccgtcgtcaggatcatATCCATATCAGACTCCTGAGTGGTTTTTGATTACAAACACCAACA
141,191,rcsA,DNA-binding transcriptional activator RcsA,DNA binding,2023968,2024591,+,623,2023970,2024589,2023973.0,2024571.0,rcsA,TAAGGGGAATTATCGTTACGCATTGAGTGAGGGTATGCCATGTCAggcttgtcgacgacggcggtctccgtcgtcaggatcatATTTTTGTCAACATGCGCTAACACATTCTGACTGGTGGTTTCCCA
142,192,rcsB,P<SUP>asp56</SUP> RcsB // DNA-binding transcriptional activator RcsB,protein binding // DNA binding // DNA-binding transcription activator activity // DNA-binding transcription repressor activity,2316177,2316827,+,650,2316179,2316825,2316182.0,2316807.0,rcsB,GTTATGTCAAGAGCTTGCTGTAGCAAGGTAGCCTATTACATGAACggcttgtcgacgacggcggtctccgtcgtcaggatcatAGTCCGGCAGATAAAGACTAATCACCTGTAGGCCAGATAAGACGC
143,195,rhaR,DNA-binding transcriptional activator RhaR,DNA binding // DNA-binding transcription factor activity // sequence-specific DNA binding,4098646,4099494,+,848,4098648,4099492,4098651.0,4099474.0,rhaR,CATCGTCGGCATCGGCATGGCGAATTAATCTTTCTGCGAATTGAGggcttgtcgacgacggcggtctccgtcgtcaggatcatCGCCACCGTGGCTACCTCGGCCAGAGAACGAAGTTGATTATTCGC
144,196,rhaS,DNA-binding transcriptional activator RhaS,sequence-specific DNA binding // DNA binding // DNA-binding transcription factor activity,4097736,4098572,+,836,4097738,4098570,4097741.0,4098552.0,rhaS,ACAAATACGTTGAGAAGATTCGCGTTATTGCAGAAAGCCATCCCGggcttgtcgacgacggcggtctccgtcgtcaggatcatGGTCATACTGGCCTCCTGATGTCGTCAACACGGCGAAATAGTAAT
145,198,rob,DNA-binding transcriptional dual regulator Rob,DNA-binding transcription factor activity // sequence-specific DNA binding // DNA binding,4634441,4635310,+,869,4634443,4635308,4634461.0,4635305.0,rob,GATGTCAGGTGCTCGTTGTTGAAAGGATGAGGATATTTTATGGATggcttgtcgacgacggcggtctccgtcgtcaggatcatCTGATTCCGATCCGTCGTTAACGCTGCAGCTCATCTAATGCAGGG
146,199,rpoD,"RNA polymerase, sigma 70 (sigma D) factor",DNA-binding transcription factor activity // protein binding // DNA binding // sigma factor activity,3213047,3214888,+,1841,3213049,3214886,3213052.0,3214868.0,rpoD,CCAACACCAACCTCATGAAATAAGTGTGGATACCGTCTTATGGAGggcttgtcgacgacggcggtctccgtcgtcaggatcatCGTAGCTTCCTGGACGATTAATCGGTAGGCCGGATCAGGCGTTAC
147,200,rpoE,RNA polymerase sigma E factor,DNA-binding transcription factor activity // protein binding // DNA binding // sigma factor activity,2709437,2710012,+,575,2709439,2710010,2709457.0,2710007.0,rpoE,CCCTTATCCAGTATCCCGCTATCGTCAACGCCTGATAAGCGGTTGggcttgtcgacgacggcggtctccgtcgtcaggatcatGCTCATCCGAGGTAAAGTCTCCCCAAACCAAATTTCCACGCGCTA
148,201,rpoH,"RNA polymerase, sigma 32 (sigma H) factor",DNA-binding transcription factor activity // DNA-binding transcription activator activity // site-specific recombinase activity // bacterial-type RNA polymerase core promoter sequence-specific DNA binding // DNA binding // bacterial-type RNA polymerase core enzyme binding // protein binding // sigma factor activity,3599929,3600783,+,854,3599931,3600781,3599949.0,3600778.0,rpoH,GGGTTCTCTGCTTAATAGCGGAAATTACGCTTCAATGGCAGCACGggcttgtcgacgacggcggtctccgtcgtcaggatcatAGTCATTCAAATCCTCTCAATCGATATCTTCTGGCGCTTCAGTGG
149,202,rpoN,"RNA polymerase, sigma 54 (sigma N) factor",transcription regulatory region sequence-specific DNA binding // DNA-binding transcription activator activity // nucleotidyltransferase activity // transferase activity // DNA-directed 5'-3' RNA polymerase activity // DNA binding // sigma factor activity,3344717,3346150,+,1433,3344719,3346148,3344722.0,3346130.0,rpoN,AAGTTTGCGACGTTTTAGCAGGAGAGTACGATTCTGAACATGAAGggcttgtcgacgacggcggtctccgtcgtcaggatcatCAGCGTAAACAACTCGTTTGACCCAACCGATAAGGAAGACACTAT
150,203,rpoS,"RNA polymerase, sigma S (sigma 38) factor",DNA-binding transcription factor activity // protein binding // DNA binding // bacterial-type RNA polymerase core enzyme binding // sigma factor activity,2866559,2867551,+,992,2866561,2867549,2866579.0,2867546.0,rpoS,CTGGCCTTTCTGACAGATGCTTACTTACTCGCGGAACAGCGCTTCggcttgtcgacgacggcggtctccgtcgtcaggatcatACTCATAAGGTGGCTCCTACCCGTGATCCCTTGACGGAACATTCA
151,204,rstA,Phosphorylated DNA-binding transcriptional regulator RstA // DNA-binding transcriptional regulator RstA,DNA-binding transcription factor activity // DNA-binding transcription activator activity // transcription regulatory region sequence-specific DNA binding // phosphorelay response regulator activity // protein binding // DNA binding,1682159,1682878,+,719,1682161,1682876,1682164.0,1682858.0,rstA,GCGGTGTATTGTGACGTTTTTATATCTACCGTGAATGTTATGAACggcttgtcgacgacggcggtctccgtcgtcaggatcatGCGCCTCATGCATGGGAATAAGCGATGAAAAAACTGTTTATCCAG
152,205,rtcR,DNA-binding transcriptional activator RtcR,transcription factor binding // DNA binding // ATP binding // nucleotide binding // DNA-binding transcription factor activity,3558268,3559866,+,1598,3558270,3559864,3558273.0,3559846.0,rtcR,ACCGATAATGAAATATCGTCTTTTATAAGGATATCTAAGATGCGTggcttgtcgacgacggcggtctccgtcgtcaggatcatGATCAGCACAGCTCCAGTTGAATATGGTGGTCCGTCAGCACCTGC
153,206,rutR,DNA-binding transcriptional dual regulator RutR,transcription regulatory region sequence-specific DNA binding // protein binding // DNA binding // DNA-binding transcription factor activity,1074242,1074880,+,638,1074244,1074878,1074247.0,1074860.0,rutR,ATGTTACAACCTCCTCCGGCATCTTTAACGTGGTCGAATCCCCTCggcttgtcgacgacggcggtctccgtcgtcaggatcatCGTCATGCGCTCTCCCCTCTTGTAGATTGGCAACAGGATAGCAAA
154,207,sdiA,DNA-binding transcriptional dual regulator SdiA,DNA binding,1996110,1996832,+,722,1996112,1996830,1996130.0,1996827.0,sdiA,CTGGCACGCAGGACAGAAAAGAGATCAAATTAAGCCAGTAGCGGCggcttgtcgacgacggcggtctccgtcgtcaggatcatCTGCATAGTAAACCGCAACGCCCCTGAGAGTGAGTATCATTTATA
155,208,sfsA,putative DNA-binding transcriptional regulator of maltose metabolism,protein binding // DNA binding,160782,161486,+,704,160784,161484,160802.0,161481.0,sfsA,AAAACGCTGGGCGCTAACGCAATAACAAGGATTGTCGCAATGGAAggcttgtcgacgacggcggtctccgtcgtcaggatcatTCACTGCCGGTTACATTGTAGTAAAGTAAGTAACTGGTTAATTTA
156,210,sgcR,KpLE2 phage-like element; putative DNA-binding transcriptional regulator SgcR,DNA-binding transcription factor activity // DNA binding,4526106,4526888,+,782,4526108,4526886,4526126.0,4526883.0,sgcR,TAGCTCAATTCGCCACCCTGTAAGAGGAGATTGTTTCTGATGAGCggcttgtcgacgacggcggtctccgtcgtcaggatcatTTACCTCATTCAATAAAGTGATAAGTAAGTTCATTCGAGAGGGAT
157,211,sgrR,DNA-binding transcriptional dual regulator SgrR,peptide transmembrane transporter activity // DNA binding // bacterial-type RNA polymerase transcription regulatory region sequence-specific DNA binding,75644,77299,+,1655,75646,77297,75664.0,77294.0,sgrR,AAATAAAATTGCTGTCTTTTGCACAGGAGTTCCCCTTTTATGCCAggcttgtcgacgacggcggtctccgtcgtcaggatcatTTTGCGCCACCGGATCCATGATTGCTGGTTGATAACAAAATCACT
158,215,srlR,DNA-binding transcriptional repressor SrlR,protein binding // DNA-binding transcription factor activity // DNA binding,2829047,2829820,+,773,2829049,2829818,2829052.0,2829800.0,srlR,AAGTTATCATTTTGAAACCTAAATCAGGTAATCACGCCCATGAAAggcttgtcgacgacggcggtctccgtcgtcaggatcatACCGGAGAGAGCAATGAGTGAAGCACTACTGAACGCGGGACGTCA
159,218,sxy,transcriptional coactivator for CRP,protein binding,1021138,1021767,+,629,1021140,1021765,1021143.0,1021747.0,sxy,AGATTGGTCGTCTGCAACGCCAGATTACTCAAGTTCCGCAGGAAAggcttgtcgacgacggcggtctccgtcgtcaggatcatTTTCATAAAATTCCTTTTAAAATCATAACATAAAAGAATGATTCA
160,219,tdcA,DNA-binding transcriptional activator TdcA,sequence-specific DNA binding // DNA binding // DNA-binding transcription factor activity // bacterial-type cis-regulatory region sequence-specific DNA binding,3266127,3267065,+,938,3266129,3267063,3266147.0,3267060.0,tdcA,TTATGTTTAAATAAAAACAAATAACTAACCAACTTCTATTAATTGggcttgtcgacgacggcggtctccgtcgtcaggatcatGCTCATAACGACCTACGTTAATTACCTCATTGACGGCATGAAGTG
161,221,tldD,metalloprotease subunit TldD,hydrolase activity // metallopeptidase activity // peptidase activity // protein binding // zinc ion binding // iron ion binding,3390583,3392028,+,1445,3390585,3392026,3390603.0,3392023.0,tldD,ATCCTTCTGAAAATAGTGAAATTATTACGCAGTACCGCCAACAGTggcttgtcgacgacggcggtctccgtcgtcaggatcatACTCATCGTTTTTGCTACTCGTTAGTTACTGCAGTAGAGGATTTT
162,223,torR,DNA-binding transcriptional dual regulator TorR,DNA-binding transcription factor activity // DNA-binding transcription activator activity // transcription regulatory region sequence-specific DNA binding // DNA binding // phosphorelay response regulator activity,1057262,1057954,+,692,1057264,1057952,1057282.0,1057949.0,torR,AATATGAACAGATATGAACAGAATGAGTAAAACCCTCTGATGCCAggcttgtcgacgacggcggtctccgtcgtcaggatcatTTAGCCGCTGATGTGTGCTGATAAAAATAGACCGGACGAAATCCC
163,224,torT,TorT-TMAO // periplasmic trimethylamine-N-oxide binding protein,DNA-binding transcription factor activity // transcription regulatory region sequence-specific DNA binding,1056261,1057289,+,1028,1056263,1057287,1056266.0,1057269.0,torT,ACTGGTGACGCAACATGGTGAAGGTTATTTCTTAGCCGCTGATGTggcttgtcgacgacggcggtctccgtcgtcaggatcatGCGCATGATAGCCTCATCAATAATAAGGCTTTATGCTAGATGCAT
164,225,treR,DNA-binding transcriptional repressor TreR,transcription regulatory region sequence-specific DNA binding // DNA binding // DNA-binding transcription factor activity,4466299,4467246,+,947,4466301,4467244,4466319.0,4467241.0,treR,AGGCTCAAATAATTAAACAACACGTTACAGGACAACAGGATGCAAggcttgtcgacgacggcggtctccgtcgtcaggatcatATCCCCGCCACCCTGTCCTGATCGTTTCCTGAACGATAAATTGTG
165,227,ttdR,Dan transcriptional activator // DNA-binding transcriptional activator Dan,"DNA-binding transcription activator activity, RNA polymerase II-specific // sequence-specific DNA binding // DNA binding // DNA-binding transcription factor activity",3205324,3206256,+,932,3205326,3206254,3205344.0,3206251.0,ttdR,GATCCCGAGTGATTTCTGGTGGATCTACATGACCTGATAGCCTTCggcttgtcgacgacggcggtctccgtcgtcaggatcatCAGCATCGTTAATTATCCGCAGTTGTGATAAGCGCAGTGTATTTC
166,228,tyrR,DNA-binding transcriptional dual regulator TyrR,protein binding // nucleotide binding // transcription factor binding // ATP binding // DNA binding,1386720,1388261,+,1541,1386722,1388259,1386725.0,1388241.0,tyrR,TTGCACCATCAGGCATATTCGCGCTTACTCTTCGTTCTTCTTCTGggcttgtcgacgacggcggtctccgtcgtcaggatcatACGCATGGGAACCTTCACCTGAAAAAAGAACAATTAATATGATGA
167,229,uhpA,UhpA-Phosphorylated // DNA-binding transcriptional activator UhpA,DNA binding,3850136,3850726,+,590,3850138,3850724,3850156.0,3850721.0,uhpA,TTAAGCGGGAGAACAACGTCTTCATCACCAGCCATCAAACATGCGggcttgtcgacgacggcggtctccgtcgtcaggatcatGATCATGGTCTTGTCCTGGCGGGTAAAAAAAATACGCGCTTACCT
168,230,uidR,DNA-binding transcriptional repressor UidR,DNA-binding transcription factor activity // transcription regulatory region sequence-specific DNA binding // DNA binding,1696462,1697052,+,590,1696464,1697050,1696482.0,1697047.0,uidR,CAGCCCGCCGAAAAAGAGAGAGAATCAGGATGCGGTTAAGATACCggcttgtcgacgacggcggtctccgtcgtcaggatcatCATCATTAAACCATTATAGTTAGCGTGAATAACTAGTTTACCGCG
169,231,ulaR,DNA-binding transcriptional repressor UlaR,DNA-binding transcription factor activity // protein binding // DNA binding // L-ascorbic acid binding,4417698,4418453,+,755,4417700,4418451,4417718.0,4418448.0,ulaR,AATATCATCTAAAAAAATCAAATTTTATCGGAATAGCTCATGACTggcttgtcgacgacggcggtctccgtcgtcaggatcatGTCAGCATTCTGCGTGTTTAAAGATGCTGGCGGAAAAATGTCACG
170,232,uvrY,Phosphorylated DNA-binding transcriptional activator UvrY // DNA-binding transcriptional activator UvrY,DNA binding // phosphorelay response regulator activity,1994703,1995359,+,656,1994705,1995357,1994723.0,1995354.0,uvrY,ACGCTTTTGCGTCAAACTGATCACTCACTGACTTGATAATGTCTCggcttgtcgacgacggcggtctccgtcgtcaggatcatGATCAAAGGAATATCTCCAGAAATAGGGATAACGCTACTGATAGT
171,233,uxuR,DNA-binding transcriptional repressor UxuR,DNA-binding transcription factor activity // DNA binding,4554576,4555349,+,773,4554578,4555347,4554581.0,4555329.0,uxuR,TACCCTTGCGCTTATTATAATAAGTCAGGCGTCGACTTTATCCAGggcttgtcgacgacggcggtctccgtcgtcaggatcatTTTCATGGTGTTGTGTCCGTTAGGTGCGGTTAATCAAATTTTTGC
172,234,xapR,DNA-binding transcriptional activator XapR,bacterial-type cis-regulatory region sequence-specific DNA binding // DNA binding // DNA-binding transcription factor activity,2521593,2522477,+,884,2521595,2522475,2521613.0,2522472.0,xapR,TTCCGGCAATTCCTGTCTCCTCACCTACTGTGTCAATGCAGCCAAggcttgtcgacgacggcggtctccgtcgtcaggatcatTTCCATAATTAAGTGCTCCATATAATAAATACATCGTATTAAATT
173,235,xylR,DNA-binding transcriptional dual regulator XylR,transcription regulatory region sequence-specific DNA binding // sequence-specific DNA binding // DNA binding // DNA-binding transcription factor activity,3734979,3736157,+,1178,3734981,3736155,3734984.0,3736137.0,xylR,CGGTTTTGAGTTTTTGCATGATTCAGCAGGAAAAGAACCATGTTTggcttgtcgacgacggcggtctccgtcgtcaggatcatAATAGCGAGGTCATGTTGTAGCGATGATGAGAATTGTCGGCGTCA
174,236,xynR,CP4-6 prophage; DNA-binding transcriptional repressor XynR,DNA-binding transcription factor activity // DNA binding // transcription regulatory region sequence-specific DNA binding,288404,289162,+,758,288406,289160,288424.0,289157.0,xynR,ACGTTTTCGCCTTAATTCCAGCGTGGACATGCCAGCATTATGCCGggcttgtcgacgacggcggtctccgtcgtcaggatcatGCGCTGGGCTACCCGGCCTGAGCCGTTAGACCGGCTCGTAGGTGA
175,237,yafC,LysR family transcriptional regulator YafC,transcription regulatory region sequence-specific DNA binding // DNA-binding transcription factor activity // DNA binding,229967,230881,+,914,229969,230879,229987.0,230876.0,yafC,AATTCAAAATATCTCTTCTATTTTGCAACAGGAGCAAAAATGAAAggcttgtcgacgacggcggtctccgtcgtcaggatcatGGAGCTGTCAGAGAGGCTTAATCCCATTCAGGAGCCAGACCTTCC
176,238,yahB,putative LysR-type DNA-binding transcriptional regulator YahB,transcription regulatory region sequence-specific DNA binding // protein binding // DNA-binding transcription factor activity // DNA binding,333501,334433,+,932,333503,334431,333521.0,334428.0,yahB,CTGGAGAAATTCATAGTAGATAATGGCGAGAATGGTTTAATGAACggcttgtcgacgacggcggtctccgtcgtcaggatcatTTACTGCATCGGGAGAATTAATCGCTGCCAACCTCCCGATGCGCT
177,240,ybdO,putative LysR family DNA-binding transcriptional regulator YbdO,DNA-binding transcription factor activity // DNA binding,636716,637618,+,902,636718,637616,636736.0,637613.0,ybdO,TGAATATATCATGGAAGAAAAATATAACCGGAGTAGTGTATGGCCggcttgtcgacgacggcggtctccgtcgtcaggatcatCGTCTAAATGAGAGTTTTTGATATATAACTACAGACAGCTACTAT
178,241,ybeF,putative LysR-type DNA-binding transcriptional regulator YbeF,DNA-binding transcription factor activity // DNA binding,660425,661378,+,953,660427,661376,660445.0,661373.0,ybeF,TAAATATTATTTTTCCATGAATAAAATTGGAGTAAGTGCGTGGATggcttgtcgacgacggcggtctccgtcgtcaggatcatGTTATCCGTAATGCATTTTGAAAAAGTATTGTTACAGCCAGATCA
179,242,ybhD,putative DNA-binding transcriptional regulator YbhD,sequence-specific DNA binding // bacterial-type cis-regulatory region sequence-specific DNA binding // DNA-binding transcription factor activity // DNA binding,799622,800575,+,953,799624,800573,799642.0,800570.0,ybhD,AGCCACCCAAAATCGTCGCTTCCATTTTCCGGAGTAATAATGAAGggcttgtcgacgacggcggtctccgtcgtcaggatcatGCGTTACAGGAGATAGGTTAATACACCGGCGCAGGAGAGACTGCG
180,243,ycaN,putative LysR-type transcriptional regulator YcaN,sequence-specific DNA binding // DNA-binding transcription factor activity // DNA binding,948660,949568,+,908,948662,949566,948680.0,949563.0,ycaN,CGTGATGATTCAGGATGAGTTAATGAAGGATTTTCACTAATGCGGggcttgtcgacgacggcggtctccgtcgtcaggatcatCAGCGTCACCGACCACAATAATTATTTACTATTCGCTTTACGCGC
181,244,yciT,putative DNA-binding transcriptional regulator YciT,DNA-binding transcription factor activity // DNA binding,1343597,1344346,+,749,1343599,1344344,1343617.0,1344341.0,yciT,TTTTTTATTAAGTATTATAACGTTATAAGAATTACAGCGATGAATggcttgtcgacgacggcggtctccgtcgtcaggatcatATTCACGTCGTTGACATTTAACCATTTCCCTTCTCTACGGATGAT
182,245,ycjW,DNA-binding transcriptional repressor YcjW,DNA-binding transcription factor activity // transcription regulatory region sequence-specific DNA binding // DNA binding // bacterial-type RNA polymerase transcription regulatory region sequence-specific DNA binding,1382963,1383961,+,998,1382965,1383959,1382983.0,1383956.0,ycjW,AGATGTGCAGCATTCACGTTCGGACGGAGTTCCTGACCTATGTCCggcttgtcgacgacggcggtctccgtcgtcaggatcatACGCATATGACGCTGAAATAAATACCAGCTACCTTGCCTGAATGC
183,246,ydcI,DNA-binding transcriptional dual regulator YdcI,bacterial-type cis-regulatory region sequence-specific DNA binding // DNA-binding transcription factor activity // sequence-specific DNA binding // DNA binding,1494148,1495071,+,923,1494150,1495069,1494168.0,1495066.0,ydcI,TCACTTGTCAGCGACACCGCTTCGTTTTTAACATCGCTTATGGAAggcttgtcgacgacggcggtctccgtcgtcaggatcatCGAAAATCAATGCCGTTCTGAAAGGTGAAGGGATCTGTCGATCCC
184,247,ydcR,fused putative DNA-binding transcriptional regulator/putative aminotransferase YdcR,pyridoxal phosphate binding // catalytic activity // DNA-binding transcription factor activity // transferase activity // transaminase activity // DNA binding,1510003,1511409,+,1406,1510005,1511407,1510008.0,1511389.0,ydcR,TAAGAGGAATTAAATTAAACGCTATTACAGCCGTTCTTGAATAAGggcttgtcgacgacggcggtctccgtcgtcaggatcatTTTCATTATCGAATCGTAATTATGTGCAGATGATTCGGCAGTCTA
185,249,ydeO,DNA-binding transcriptional dual regulator YdeO,sequence-specific DNA binding // DNA binding // DNA-binding transcription factor activity,1582926,1583687,+,761,1582928,1583685,1582946.0,1583682.0,ydeO,AAAGTATCGATAAAAACTTTATTGTTTTAAGGAGATAAAATGTCGggcttgtcgacgacggcggtctccgtcgtcaggatcatATGAATGCTTTAGCTATTTGATTATTTGCTAACGAGTAGTCAACC
186,250,ydfH,DNA-binding transcriptional repressor YdfH,DNA-binding transcription factor activity // DNA binding,1628352,1629038,+,686,1628354,1629036,1628357.0,1629018.0,ydfH,GTAGACTCATGCAGTTAACTCACTCACAAGCAAGAACGAATGACCggcttgtcgacgacggcggtctccgtcgtcaggatcatGACTGGTTTAGCGAAGAGTAATTCATTTCCTCTCATCCCATCCGG
187,251,ydhB,putative LysR family DNA-binding transcriptional regulator YdhB,transcription regulatory region sequence-specific DNA binding // DNA-binding transcription factor activity // DNA binding,1738866,1739798,+,932,1738868,1739796,1738886.0,1739793.0,ydhB,CGGCCCGTTCCGCGACTATCGTCGTTAATCACCCGTTGCGGGAGTggcttgtcgacgacggcggtctccgtcgtcaggatcatCCACATAGTCTGCCTGCAAAATTTTTGAAACCAGTCATCAAATAT
188,252,ydiP,putative DNA-binding transcriptional regulator YdiP,sequence-specific DNA binding // DNA-binding transcription factor activity // DNA binding,1778390,1779301,+,911,1778392,1779299,1778410.0,1779296.0,ydiP,TCTTAACAAACTGCGCCGCCAGATTTATCCAACAAGACTTACCGGggcttgtcgacgacggcggtctccgtcgtcaggatcatATACATGACAACCTCCCTATTCCATGAGCAAGCAAAAACAATATA
189,253,ydjF,putative DNA-binding transcriptional regulator YdjF,protein binding // DNA-binding transcription factor activity // DNA binding,1854096,1854854,+,758,1854098,1854852,1854116.0,1854849.0,ydjF,TAATATTGACAACGTGTGCTTAAATTACCACACCAGCTGGATATTggcttgtcgacgacggcggtctccgtcgtcaggatcatCGCCACGATTACACCCCTGTATCTTTTTACATCACATTAGCGCGA
190,254,yebK,DNA-binding transcriptional repressor YebK,carbohydrate derivative binding // DNA binding // DNA-binding transcription factor activity,1936652,1937521,+,869,1936654,1937519,1936657.0,1937501.0,yebK,AGTGCGGAAATCGTCATTACCCGTGAGTCTCTTTACATCATGAATggcttgtcgacgacggcggtctccgtcgtcaggatcatAATTTAAGTGACGATCGCTAAAAACGACTGTCACTGTCCTAATCT
191,255,yeeY,putative DNA-binding transcriptional regulator YeeY,transcription regulatory region sequence-specific DNA binding // DNA-binding transcription factor activity // DNA binding,2087329,2088258,+,929,2087331,2088256,2087349.0,2088253.0,yeeY,GAGGCTTGTCAGAATAATTTTTCTTTAAATGGCTGATTTTCCGTCggcttgtcgacgacggcggtctccgtcgtcaggatcatTTTCATACACGCCCCCTTGCAGTGCATGCGGCGTCCTGCTGGCGT
192,256,yeiE,LysR-type transcriptional regulator YeiE,transcription regulatory region sequence-specific DNA binding // DNA-binding transcription factor activity // DNA binding,2248737,2249618,+,881,2248739,2249616,2248757.0,2249613.0,yeiE,ACCAGCATGTTCTTGTACAGCAACTTAACGCGGCACATTTGCGGGggcttgtcgacgacggcggtctccgtcgtcaggatcatGTGCATAGTCGCTTACCACTTATAAAGATTAATTATAAATATATA
193,257,yeiL,putative DNA-binding transcriptional regulator YeiL,"DNA-binding transcription factor activity // 4 iron, 4 sulfur cluster binding // iron-sulfur cluster binding // metal ion binding // DNA binding",2255355,2256014,+,659,2255357,2256012,2255360.0,2255994.0,yeiL,GTGAAAGAAATCCACAATAATGATCTTAAGCAGCAATTGATGAGTggcttgtcgacgacggcggtctccgtcgtcaggatcatTTCTCCGGGATGATGCAGTAAAAATTATTTTCAATAGCGCGATTG
194,258,yfaX,putative DNA-binding transcriptional regulator YfaX,DNA-binding transcription factor activity // protein binding // DNA binding,2361429,2362211,+,782,2361431,2362209,2361449.0,2362206.0,yfaX,GTAGGGTCATGATGTTCTCCATTGTTATGAGGCTTGTAAGTCAAAggcttgtcgacgacggcggtctccgtcgtcaggatcatCAACATACTGGACTCCAGTCTTAGATACTGGAATCAGTCTCGTTG
195,261,yfeR,putative LysR-type DNA-binding transcriptional regulator YfeR,sequence-specific DNA binding // bacterial-type cis-regulatory region sequence-specific DNA binding // DNA-binding transcription factor activity // DNA binding,2525930,2526856,+,926,2525932,2526854,2525950.0,2526851.0,yfeR,GGCTCCCGGCAGTATGAATTCACTCTATATCTGATACAACGGATCggcttgtcgacgacggcggtctccgtcgtcaggatcatATTCATCTGTTTTCTTCATGAATGGATGCAATAAATCAATTTTAT
196,262,yfhH,putative DNA-binding transcriptional regulator YfhH,carbohydrate derivative binding // DNA-binding transcription factor activity // DNA binding,2698759,2699607,+,848,2698761,2699605,2698764.0,2699587.0,yfhH,ATTGCCTGTTGTCGCCACTATTTCATCGCGAGGAAAGATATGAACggcttgtcgacgacggcggtctccgtcgtcaggatcatCTGGTGAAAAAACTGGTCTGAGTAAAGAATGCGCGTATAATGCCC
197,263,yfiE,putative LysR-type DNA-binding transcriptional regulator YfiE,transcription regulatory region sequence-specific DNA binding // DNA-binding transcription factor activity // DNA binding,2714439,2715320,+,881,2714441,2715318,2714459.0,2715315.0,yfiE,CCGGGTTTAATCCCGACATTATTTTTATCCAGCCACAAAACTCTCggcttgtcgacgacggcggtctccgtcgtcaggatcatATCCATAACCCCAAACCTATCGAAAATATCGAATCTAGAATATAA
198,265,ygbI,putative DeoR-type DNA-binding transcriptional regulator YgbI,DNA-binding transcription factor activity // DNA binding,2860467,2861234,+,767,2860469,2861232,2860487.0,2861229.0,ygbI,GTAACCCGGTGTTATTGCAGGCCATTATTCATTTTTCGCTACCAGggcttgtcgacgacggcggtctccgtcgtcaggatcatTATCAACTTTTGCTCCTTCCTTTGTCCTGCTGACATTCTACGCTA
199,266,ygeH,putative transcriptional regulator YgeH,DNA binding,2992094,2993470,+,1376,2992096,2993468,2992099.0,2993450.0,ygeH,CAGGATGCAAGAAACCAATTTTTTCATAGAGGTTAACTAATGGACggcttgtcgacgacggcggtctccgtcgtcaggatcatACGAGAATTTGTATGCGATAAATTTTTATTGACGCAATTTTATTA
200,267,ygeV,putative &sigma;<sup>54</sup>-dependent transcriptional regulator YgeV,sequence-specific DNA binding // transcription factor binding // ATP binding // DNA binding // nucleotide binding,3004008,3005786,+,1778,3004010,3005784,3004028.0,3005781.0,ygeV,GAATTCAGGCCGGATTCACTGAGGTTATGTGTTTAACAACTCATAggcttgtcgacgacggcggtctccgtcgtcaggatcatCTCCATAGCTTTACCTTCCAGACTTACTTAAAAGTCGATCATTGA
201,268,ygfI,putative LysR-type DNA-binding transcriptional regulator YgfI,DNA-binding transcription factor activity // DNA binding,3066277,3067173,+,896,3066279,3067171,3066297.0,3067168.0,ygfI,AATTGCAACCGGCTCGATGCTGGGTTAATGACTCGTCCCGTCACGggcttgtcgacgacggcggtctccgtcgtcaggatcatGTCCATCCCCCTCCCCCGCATCCTTGTCCGCTTAACCGTTTCAGT
202,269,yghO,putative DNA-binding transcriptional regulator YghO,,3129043,3130215,+,1172,3129045,3130213,3129063.0,3130210.0,yghO,GAGATGAACCTGAGTTAGCTGGTATTAAATCTGCTTTTCATACAAggcttgtcgacgacggcggtctccgtcgtcaggatcatCATCATGAGTCATCAACTTACCTTCGCCGACAGTGAATTCAGCAG
203,271,yhaJ,DNA-binding transcriptional activator YhaJ,transcription regulatory region sequence-specific DNA binding // DNA-binding transcription factor activity // DNA binding // DNA-binding transcription activator activity,3253318,3254214,+,896,3253320,3254212,3253338.0,3254209.0,yhaJ,CCTTTTTATTAACAATAATAAATATTATTTTCCGTTAAAAAGTTTggcttgtcgacgacggcggtctccgtcgtcaggatcatGGCCATTTCGTTCTCATTCAGGAAATTTGAACATACCGGGCAGAA
204,272,yheO,DNA-binding transcriptional regulator YheO,,3475718,3476440,+,722,3475720,3476438,3475738.0,3476435.0,yheO,CGGTCACCACGATGGCAAAACGCATTACTTATCTTGCCCCTGGAAggcttgtcgacgacggcggtctccgtcgtcaggatcatGGACATGAAAAAAAACACTCCTTTTCAGGAGCCTGTCGTTAACTT
205,273,yhjB,putative DNA-binding transcriptional regulator YhjB,protein binding // DNA binding,3671292,3671894,+,602,3671294,3671892,3671312.0,3671889.0,yhjB,CTGCTGGCTGTAAAATTATCCTCTTCAGGAGGAGATATTTAACATggcttgtcgacgacggcggtctccgtcgtcaggatcatTTGCATAACTGAATCTCCACCTGAATACGTTAAAAAGACTTAAGT
206,275,yiaU,putative LysR-type DNA-binding transcriptional regulator YiaU,sequence-specific DNA binding // bacterial-type cis-regulatory region sequence-specific DNA binding // DNA-binding transcription factor activity // DNA binding,3751992,3752966,+,974,3751994,3752964,3751997.0,3752946.0,yiaU,ATAGTAATATATAAAATTATATATAATTGGGCTGTTGCGATGACAggcttgtcgacgacggcggtctccgtcgtcaggatcatGCGGCGGAAAGCGAAGATTAATGATCGAGATAAAGGTAATGCACC
207,276,yidL,putative DNA-binding transcriptional regulator YidL,sequence-specific DNA binding // DNA-binding transcription factor activity // DNA binding,3860283,3861176,+,893,3860285,3861174,3860288.0,3861156.0,yidL,GTTCAGGTTGTGAGCATAATTCGCCGGAGGGATATTAAAATGAATggcttgtcgacgacggcggtctccgtcgtcaggatcatGATGCCAGTCCACACAATTAACGTAACTCTGGCCAGTACGCTTTG
208,277,yidP,putative DNA-binding transcriptional regulator YidP,DNA-binding transcription factor activity // DNA binding,3863899,3864615,+,716,3863901,3864613,3863904.0,3864595.0,yidP,CGCATTACCCGGGCTTGCAGGCAAAAAAGAGATCTAGAGATGATCggcttgtcgacgacggcggtctccgtcgtcaggatcatCTCCACCCGGAAAAGAGTTAACCGATACTCCAGAAGAGCACCGCC
209,278,yidZ,putative LysR-type transcriptional regulator YidZ,DNA-binding transcription factor activity // DNA binding,3892765,3893724,+,959,3892767,3893722,3892770.0,3893704.0,yidZ,TGATTATGTTCGTCGCGCCTGGACGCCCCGTTGCCGCTCATGAAGggcttgtcgacgacggcggtctccgtcgtcaggatcatCTTTACGCGTCGATGGCATAACCGAATCGTATGAAACGCGACCCA
210,279,yieP,DNA-binding transcriptional regulator YieP,DNA-binding transcription factor activity // DNA binding,3940635,3941327,+,692,3940637,3941325,3940655.0,3941322.0,yieP,CATACTAAGGAGGAATAAAAAGAAAAAGGAAGATAAGTAATGCCTggcttgtcgacgacggcggtctccgtcgtcaggatcatCTACGCTCACCTGATAAGTGATAACCCGATAACAGGACATTGAAT
211,280,yihL,putative transcriptional regulator YihL,DNA-binding transcription factor activity // DNA binding,4060447,4061157,+,710,4060449,4061155,4060452.0,4061137.0,yihL,TTATTTATTGTCACCATAAAACACCTACAGATTAATGATGAGGTCggcttgtcgacgacggcggtctccgtcgtcaggatcatCGCCATTGTTTAATCCTTTTGGTTTAAACCAGATGAAGCATCTTA
212,282,yijO,putative DNA-binding transcriptional regulator YijO,sequence-specific DNA binding // DNA-binding transcription factor activity // DNA binding,4147466,4148317,+,851,4147468,4148315,4147486.0,4148312.0,yijO,CAGTTACTGTTTTCCCGTCTACATACCTAAGGGAATAACATGTATggcttgtcgacgacggcggtctccgtcgtcaggatcatAAACCGACTACTCCAGAATAAGATGGGTTTGCTGCGGCGCAGAAA
213,283,yjdC,putative DNA-binding transcriptional regulator YjdC,DNA-binding transcription factor activity // transcription regulatory region sequence-specific DNA binding // DNA binding,4362733,4363308,+,575,4362735,4363306,4362753.0,4363303.0,yjdC,TGAACGACACTTGCAGTGGGAAAGACGGAGGAAAATAGCGTGCAAggcttgtcgacgacggcggtctccgtcgtcaggatcatCAGGGTGGTGCATTGACCTGACAGAAACACAGAAAAGAAGCGATT
214,284,yjhI,KpLE2 phage-like element; putative DNA-binding transcriptional regulator YjhI,DNA-binding transcription factor activity // DNA binding,4525015,4525803,+,788,4525017,4525801,4525035.0,4525798.0,yjhI,TGCCGATACCATTTATTCCATGAGCAAGGAGGAGCCATTATGGTTggcttgtcgacgacggcggtctccgtcgtcaggatcatCACTTACGAAAAGGAAACTGAGGTAATGAAAAAATTCAGCGGCAT
215,285,yjhU,KpLE2 phage-like element; putative DNA-binding transcriptional regulator YjhU,carbohydrate binding // DNA binding,4519338,4520324,+,986,4519340,4520322,4519358.0,4520319.0,yjhU,AAGATGAGCATTTCCCCGGTTTAATACAGGTATACAAAAGTGGATggcttgtcgacgacggcggtctccgtcgtcaggatcatGCGTGTGAATTACCACACTAAAAGAATGAACAACTGCCCCATGTA
216,286,yjiR,fused putative DNA-binding transcriptional regulator/putative aminotransferase YjiR,pyridoxal phosphate binding // catalytic activity // DNA-binding transcription factor activity // transferase activity // transaminase activity // DNA binding,4570162,4571574,+,1412,4570164,4571572,4570182.0,4571569.0,yjiR,CGGTTTTTCTCTCTGTATGGTCCACATAAGGAATACAGCATGACGggcttgtcgacgacggcggtctccgtcgtcaggatcatGTGTATCGGGCAATGGAATAAATTCGAAATAGCGGCGAAGCGCCT
217,287,yjjQ,DNA-binding transcriptional repressor YjjQ,DNA binding,4603477,4604202,+,725,4603479,4604200,4603482.0,4604182.0,yjjQ,CGATACTACTCATGACGCATTTTTCTATGAGTGCGACATTTCTCTggcttgtcgacgacggcggtctccgtcgtcaggatcatCAACATATTTCCTCCACATCCACTGTCTAAAAATTATGATGGTTT
218,288,ykgA,putative DNA-binding transcriptional regulator YkgA,,316450,317136,+,686,316452,317134,316470.0,317131.0,ykgA,GAAAATGTGCGATATGACAAAGAATTAACGGAGAATGAGATGATCggcttgtcgacgacggcggtctccgtcgtcaggatcatGTAATATGGACACAGGCCTAAGCGAGGTTCTTGTTTTCAAATTGT
219,290,yneJ,putative LysR-type DNA-binding transcriptional regulator YneJ,transcription regulatory region sequence-specific DNA binding // DNA-binding transcription factor activity // DNA binding,1614804,1615685,+,881,1614806,1615683,1614809.0,1615665.0,yneJ,GAATAATATTAAGCCACTTATTCACGAATCGAGAATGCTATGGATggcttgtcgacgacggcggtctccgtcgtcaggatcatGCAAGACAGGGATATCAATGAGCTATTTTTGATAGTTCTTGCGGT
220,291,ynfL,putative DNA-binding transcriptional regulator,bacterial-type cis-regulatory region sequence-specific DNA binding // DNA-binding transcription factor activity // DNA binding,1668699,1669592,+,893,1668701,1669590,1668719.0,1669587.0,ynfL,CGGGCTTTTTCGCTGAAATTTCCCTCACCTGAGAGCATTCAGCAGggcttgtcgacgacggcggtctccgtcgtcaggatcatATTCATATTTAAAACATCTTATTTGAGATTATTAATATATTAGAC
221,292,ypdC,putative AraC-type DNA-binding transcriptional regulator YpdC,sequence-specific DNA binding // DNA-binding transcription factor activity // DNA binding,2501130,2501987,+,857,2501132,2501985,2501135.0,2501967.0,ypdC,GAATTTCGCCAGTTAATGCATCTTTAATCGGGAACTTTCATGAAAggcttgtcgacgacggcggtctccgtcgtcaggatcatAGCGCCCGTTTTCAGGGCTAACGTCAGAAGGTTAATTCTGTTTCC
222,293,yphH,"putative DNA-binding transcriptional regulator, NAGC-like",,2682863,2684056,+,1193,2682865,2684054,2682868.0,2684036.0,yphH,GGAATAATCACGCAATTAACTAAACAAGGTTTAGTGAAGATGAGAggcttgtcgacgacggcggtctccgtcgtcaggatcatGCGCAGTTACGACAGATTTGATGGCGCGATAACGTAGAAAGGCTT
223,294,yqeI,putative transcriptional regulator YqeI,DNA binding,2988502,2989311,+,809,2988504,2989309,2988507.0,2989291.0,yqeI,TGTGATCTCCATTTCGATTGATTTAGTGTTTATTGACGTATGTACggcttgtcgacgacggcggtctccgtcgtcaggatcatCGTGAGGTTAATCGTGATTGATTATAAAAAAAACTTATTATTTAT
224,295,yqhC,DNA-binding transcriptional activator YqhC,sequence-specific DNA binding // DNA-binding transcription factor activity // DNA binding // DNA-binding transcription activator activity // bacterial-type cis-regulatory region sequence-specific DNA binding,3154262,3155218,+,956,3154264,3155216,3154282.0,3155213.0,yqhC,CCGGTTGCTGTACCGGGAACGTATTTAATTCCCCTGCATCGCCCGggcttgtcgacgacggcggtctccgtcgtcaggatcatTAGCATTTCTCCAGCACTCTGGAGAAATAGGCAAGACATTGGCAG
225,298,zraR,Phosphorylated DNA-binding transcriptional activator ZraR // DNA-binding transcriptional activator ZraR,sequence-specific DNA binding // transcription factor binding // ATP binding // DNA binding // nucleotide binding // phosphorelay response regulator activity,4203320,4204645,+,1325,4203322,4204643,4203325.0,4204625.0,zraR,GCGCGCTATCGAACGCGAGCAGAACTAACGCGACAGTTTTGCCAAggcttgtcgacgacggcggtctccgtcgtcaggatcatCGTCATCCTTGTGGGTCCTTACGCGTAATATTGACCGGAAGCCAG
